year,month,47N,46N,45N,44N,43N,42N,41N,40N,39N,38N,37N,36N,35N,34N,33N,32N,31N
1988,1,-4.75,0.46,-0.442,-0.892,-1.134,-2.474,-1.992,1.934,2.16,0.388,1.517,4.947,3.136,1.411,0.614,0.892,0.304
1988,2,0.225,1.068,3.258,1.393,6.438,9.469,6.864,10.786,9.58,5.043,3.261,5.663,1.358,0.828,0.596,0.453,0.047
1988,3,0.658,-0.248,0.762,-1.72,8.93,10.103,12.638,19.528,25.179,12.766,16.402,11.624,9.998,3.321,0.579,0.633,0.882
1988,4,-1.255,-0.327,0.902,-1.43,4.704,8.97,3.655,6.143,10.962,-1.628,4.471,3.317,4.503,1.346,0.17,0.189,0.635
1988,5,-0.214,0.056,0.068,-0.935,2.39,4.624,4.003,12.773,19.798,11.123,15.532,13.531,15.041,5.891,0.735,0.754,1.636
1988,6,-0.032,0.064,0.297,0.205,1.772,3.485,2.795,15.438,21.401,12.927,7.499,7.077,7.471,2.674,0.288,0.498,0.716
1988,7,0.148,0.194,1.198,2.415,7.898,11.389,13.395,19.659,19.794,8.419,6.772,5.581,4.551,0.59,0.03,0.109,0.412
1988,8,0.296,0.357,1.712,4.152,11.36,15.536,12.079,12.384,9.025,3.564,1.383,0.966,0.817,0.189,0.008,0.162,0.406
1988,9,0.267,0.166,1.252,3.104,8.735,12.232,10.194,12.995,12.575,5.62,3.784,1.794,1.055,0.122,0.003,0.038,0.22
1988,10,0,0.006,0.462,0.193,1.75,3.711,0.759,6.469,4.547,1.516,2.239,1.836,1.125,0.2,0.01,0.075,0.235
1988,11,-0.36,-0.106,-0.401,-0.455,-0.389,-1.174,-2.123,2.735,3.881,2.4,2.076,3.12,3.513,1.434,0.207,0.162,1.042
1988,12,-0.354,0.034,1.051,-0.299,4.742,7.533,9.39,12.142,12.411,4.895,6.105,3.97,3.953,1.945,0.912,0.332,1.567
1989,1,-1.331,1.413,0.949,-1.237,6.098,8.986,9.833,17.221,13.414,8.685,11.054,8.464,9.226,3.608,1.434,1.002,-0.612
1989,2,0.526,0.106,-1.359,-0.572,10.074,5.716,5.177,6.798,19.26,4.862,9.825,3.738,5.184,2.001,1.679,1.026,1.809
1989,3,-11.73,-4.104,-10.264,-7.357,-4.342,-12.393,-9.235,-7.69,-0.148,0.437,-0.241,7.624,7.144,4.084,2.018,1.294,4.221
1989,4,0.051,2.016,2.079,0.969,5.733,6.1,4.993,6.696,9.998,3.116,5.467,5.628,6.074,2.347,0.286,0.573,1.638
1989,5,0.211,0.414,1.16,0.964,5.387,9.801,11.323,20.19,25.379,12.904,11.795,14.046,17.339,5.333,0.328,0.484,2.164
1989,6,0.122,0.095,0.739,1.125,7.128,10.909,9.892,18.387,18.102,7.534,4.826,6.749,9.803,2.153,0.163,0.367,1.16
1989,7,0.001,0.007,0.125,0.298,2.648,5.899,8.73,17.567,24.146,9.442,13.079,12.136,8.89,1.042,0.04,0.119,0.291
1989,8,0.316,0.3,0.726,2.317,3.22,6.915,10.09,13.921,11.219,6.948,3.29,3.854,2.935,0.261,0.009,0.069,0.3
1989,9,0.138,0.252,1.485,2.273,4.151,6.286,5.946,6.407,3.538,1.104,0.77,0.795,1.096,0.262,0.005,0.095,0.407
1989,10,-0.072,0.209,0.31,0.14,1.947,1.144,1.552,3.706,4.236,1.12,0.98,1.065,0.729,0.142,0.015,0.096,0.305
1989,11,-0.354,0.218,0.222,0.152,2.376,1.117,3.247,4.773,3.162,2.129,0.93,0.963,0.423,0.079,0.008,0.042,0.157
1989,12,-1.687,-0.26,1.228,1.214,4.603,4.392,3.323,5.233,4.571,1.324,1.216,0.883,0.665,0.152,0.093,0.079,0.183
1990,1,-4.004,-0.821,-4.569,-4.653,-2.039,0.307,0.188,7.219,8.789,4.693,4.775,3.568,3.179,0.833,0.444,0.402,0.199
1990,2,-1.976,2.073,-1.89,-1.88,3.244,7.207,5.957,16.226,16.87,9.436,7.849,5.526,8.57,4.277,1.925,0.862,0.222
1990,3,-1.981,1.928,1.17,0.777,6.659,8.766,4.867,12.253,21.018,8.504,7.087,10.714,9.985,2.907,1.588,0.841,0.922
1990,4,1.358,1.71,3.576,1.474,8.348,9.842,6.246,18.157,21.164,10.139,8.921,8.017,6.966,1.728,0.35,0.285,0.467
1990,5,0.836,1.202,2.684,2.385,12.108,16.385,17.467,25.223,28.566,11.239,7.013,4.836,6.062,1.993,0.197,0.239,0.777
1990,6,-0.247,0.002,0.115,-0.002,1.049,3.124,4.249,8.48,13.908,9.053,6.929,7.186,7.416,1.878,0.063,0.154,0.475
1990,7,0.165,0.124,0.828,2.468,3.627,4.092,5.886,8.687,5.738,2.533,1.263,0.943,0.85,0.197,0.009,0.119,0.251
1990,8,0.095,0.163,1.119,1.635,3.207,4.287,5.347,4.408,3.273,1.315,0.583,0.536,0.347,0.046,0.005,0.094,0.24
1990,9,0.001,0.075,0.161,0.175,0.427,0.563,0.396,0.915,1.901,0.805,0.606,0.485,0.466,0.095,0.005,0.069,0.198
1990,10,-0.187,-0.013,0.015,0.036,1.086,2.32,1.678,7.185,7.678,3.934,2.197,0.555,0.126,0.024,0.002,0.053,0.282
1990,11,-0.204,-0.195,-0.011,0.01,0.851,3.218,3.232,7.069,10.493,7.424,4.664,1.838,1.035,0.223,0.015,0.105,0.251
1990,12,3.704,1.09,5.267,1.662,10.381,10.557,13.276,13.222,17.36,8.198,3.315,2.302,3.628,0.78,0.213,0.032,0.121
1991,1,-5.899,-1.461,-0.597,-3.477,3.793,-0.496,0.991,0.235,3.311,0.438,-2.745,0.954,3.049,0.445,0.345,0.199,0.433
1991,2,-11.405,-3.738,-5.348,-4.812,-3.563,-3.396,-0.686,-1.767,6.623,2.567,3.603,4.213,1.5,0.993,0.462,0.724,0.318
1991,3,0.08,0.949,0.739,1.261,6.004,5.339,4.869,10.694,12.246,4.158,3.357,8.124,6.053,2.78,1.263,0.875,0.252
1991,4,-1.593,-0.373,-1.209,-3.44,4.585,9.32,9.611,19.082,25.472,17.377,19.485,23.802,18.584,7.569,1.323,1.252,2.068
1991,5,0.944,1.402,3.411,2.554,15.603,21.778,22.051,32.298,43.141,25.107,25.259,19.498,24.847,11.825,1.623,1.496,2.77
1991,6,1.679,1.581,3.638,3.731,18.641,18.613,20.073,34.962,31.907,14.288,9.529,10.093,8.952,2.003,0.188,0.792,0.965
1991,7,0.324,0.272,1.748,4.748,11.55,17.659,17.077,17.103,14.444,9.874,1.066,4.129,1.896,0.276,0.131,0.374,0.641
1991,8,-0.024,0.069,0.436,0.422,2.428,3.169,2.616,6.374,6.078,3.216,1.964,2.432,2.009,0.408,0.021,0.364,0.716
1991,9,0.005,0.087,0.237,0.321,2.452,4.868,4.241,5.379,4.394,2.11,0.892,1.013,0.537,0.098,0.014,0.126,0.218
1991,10,0.449,0.741,1.151,1.469,3.874,3.861,4.478,5.462,4.17,1.369,1.683,1.085,0.752,0.093,0.018,0.078,0.182
1991,11,-2.851,-1.051,-0.773,-1.079,1.302,3.378,6.323,7.979,11.18,9.555,7.971,5.053,3.084,0.63,0.204,0.216,0.296
1991,12,-3.575,-1.04,-1.206,-0.762,0.882,-1.781,0.617,-1.146,1.533,-0.526,-3.615,-2.864,-0.289,-0.158,0.234,-0.197,-0.198
1992,1,-12.22,-5.314,-7.41,-6.033,-3.679,-5.628,-1.873,-2.633,1.345,-1.547,1.222,0.727,1.637,0.288,0.191,-0.204,0.07
1992,2,-3.473,-0.666,-1.782,-2.238,-2.066,-5.55,-4.271,-3.421,-2.57,-2.839,-0.51,-2.908,-0.12,-0.305,-0.045,0.104,0.211
1992,3,0.632,0.813,1.359,0.824,2.689,1.012,1.086,0.754,0.604,0.273,0.087,-0.096,0.488,0.145,0.143,0.16,0.491
1992,4,-0.29,-0.061,0.042,-0.391,-0.13,0.295,0.43,2.452,3.255,2.594,3.165,3.555,3.157,1.055,0.052,0.181,0.49
1992,5,0.077,0.042,0.342,0.409,2.465,4.718,5.492,10.978,10.61,7.774,3.869,2.82,1.734,0.528,0.077,0.13,0.253
1992,6,0.043,0.06,0.403,0.472,3.578,6.479,7.699,11.515,10.198,4.028,2.302,1.759,1.754,0.736,0.058,0.167,0.498
1992,7,0.075,0.201,0.528,1.179,2.761,3.913,4.585,6.015,5.536,3.065,1.229,0.784,0.913,0.258,0.013,0.058,0.127
1992,8,0.105,0.139,0.507,0.656,1.724,3.193,3.507,4.675,4.992,2.384,2.292,1.32,0.576,0.035,0.003,0.062,0.213
1992,9,0.049,0.168,0.603,0.752,1.626,2.887,2.987,5.349,3.8,1.25,0.682,0.504,0.143,0.015,0.004,0.063,0.316
1992,10,-0.056,0.058,0.406,0.396,2.199,1.08,0.777,0.573,0.263,0.048,0.058,0.039,0.022,0.003,0.003,0.076,0.331
1992,11,-0.633,0.11,-0.141,-0.471,-0.564,-0.103,-1.004,0.882,0.884,0.159,0.189,0.143,0.049,0.015,0.007,0.055,0.233
1992,12,-2.181,-0.409,-0.54,-0.429,1.035,0.017,0.54,2.538,2.796,0.154,0.129,1.69,0.428,0.305,0.2,0.215,-0.354
1993,1,-6.106,-0.154,-0.284,-0.367,0.976,-4.015,-1.68,-5.188,-0.749,-3.194,-0.265,0.157,-0.408,0.047,0.18,0.095,0.16
1993,2,-5.792,-0.161,0.319,1.708,1.401,1.968,-0.301,0.58,-1.228,-0.934,-0.118,-1.064,0.063,0.342,0.151,0.052,0.051
1993,3,-4.002,-0.842,-3.679,-2.985,0.453,-3.14,-3.18,2.323,2.865,1.849,2.066,3.189,3.213,1.256,0.228,0.414,0.53
1993,4,-5.055,-1.544,-3.822,-3.969,-3.407,-0.764,-0.506,8.015,11.304,8.689,9.812,12.782,13.802,5.975,0.262,0.43,0.941
1993,5,-0.183,0.197,-0.029,-0.305,0.694,0.524,-0.584,3.227,4.073,3.022,2.225,2.146,3.357,1.813,0.093,0.381,1.067
1993,6,0.002,0.004,0.082,0.055,0.943,2.386,3.684,8.464,12.286,10.657,6.657,5.025,5.079,0.934,0.016,0.109,0.248
1993,7,0.116,0.016,0.182,0.507,3.39,7.785,11.924,16.283,17.71,7.698,3.493,2.479,0.902,0.07,0.004,0.028,0.163
1993,8,-0,0.008,0.309,0.808,2.026,4.156,4.624,6.287,6.462,3.365,1.428,1.04,0.504,0.075,0.008,0.076,0.239
1993,9,0.022,0.194,0.888,1.331,3.781,3.285,4.57,5.616,6.922,3.091,1.749,0.964,0.623,0.026,0.006,0.094,0.139
1993,10,-0.132,0.188,0.426,0.171,1.008,1.738,0.436,1.01,1.455,0.256,0.316,0.202,0.144,0.008,0.002,0.062,0.135
1993,11,-0.834,1.39,1.123,1.614,5.264,8.634,8.139,3.494,4.308,1.396,0.485,0.31,0.209,0.06,0.014,0.078,0.054
1993,12,-8.013,-3.149,-7.233,-4.998,-2.335,-7.769,-6.521,-0.792,0.148,-0.983,-0.392,0.002,0.186,0.059,0.195,-0.1,0.242
1994,1,-4,-0.33,-2.582,-1.917,-1.022,-2.166,-1.458,2.211,1.708,-0.1,0.147,1.124,0.847,0.437,0.287,0.011,0.104
1994,2,-7.958,-1.348,-4.906,-2.585,-3.701,-1.065,-0.696,2.911,1.476,-0.469,0.464,0.167,0.82,0.345,0.282,0.361,-0.237
1994,3,-2.919,-0.972,0.318,-0.795,2.056,4.016,2.739,6.641,4.963,2.435,2.712,2.518,3.111,1.128,0.463,0.474,0.17
1994,4,-2.295,0.047,1.092,-0.064,5.011,10.574,10.785,16.691,18.896,14.513,13.462,10.251,9.884,4.992,1.056,0.517,0.648
1994,5,0.224,0.155,0.73,0.693,3.815,7.439,7.281,14.322,16.045,11.875,8.52,7.08,8.733,3.585,0.487,0.346,1.09
1994,6,0.003,0.004,0.12,0.216,1.18,5.182,6.234,14.005,19.103,16.121,16.018,13.055,14.583,2.226,0.063,0.27,0.219
1994,7,0.288,0.214,1.039,2.762,7.378,15.273,16.383,21.147,15.015,5.377,3.903,2.757,2.186,0.176,0.017,0.147,0.187
1994,8,-0,0.003,0.068,0.086,0.256,0.523,1.566,4.872,6.512,5.004,4.493,2.469,1.884,0.136,0.006,0.079,0.136
1994,9,0.011,0.013,0.045,0.128,0.289,1.228,1.761,1.761,1.954,1.323,1.093,0.508,0.477,0.015,0.004,0.101,0.45
1994,10,-0.049,0.029,0.285,0.197,0.659,2.986,3.143,6.512,8.432,4.13,2.719,2.078,1.267,0.14,0.01,0.1,0.244
1994,11,-2.144,-0.65,-1.412,-1.481,0.588,1.083,0.576,2.088,4.973,2.508,2.059,1.916,2.62,0.712,0.29,0.459,0.372
1994,12,-7.124,-3.179,-9.285,-7.229,-6.526,-11.172,-6.807,-2.957,0.57,-2.909,1.14,1.019,0.11,0.394,0.638,-0.098,-0.204
1995,1,-7.6,-2.514,-7.616,-5.026,-4.508,-15.469,-12.162,-15.498,-15.855,-10.56,-5.305,-6.119,-3.568,0.104,0.627,-0.598,-0.659
1995,2,-2.869,1.472,-2.708,-1.678,1.051,4.548,0.979,-0.001,2.519,-0.192,1.777,0.513,0.625,0.491,0.237,0.301,-1.067
1995,3,-8.282,-1.975,-3.258,-0.808,-1.257,-8.871,-6.216,-3.765,0.792,-1.584,-0.403,0.266,0.594,0.658,0.265,0.334,0.058
1995,4,-1.592,1.115,2.354,-0.397,2.106,4.049,2.939,11.927,16.777,11.644,12.192,12.767,11.655,4.285,1.511,0.68,0.442
1995,5,0.506,0.308,1.516,2.743,10.265,14.871,12.18,14.805,17.695,10.476,4.844,7.209,8.148,3.146,1.016,0.144,0.053
1995,6,0.146,0.239,0.753,1.266,3.041,6.139,7.489,10.281,14.565,8.965,9.124,12.812,10.875,3.246,0.334,0.335,0.504
1995,7,0.041,0.144,0.568,1.428,2.844,4.834,3.804,4.892,4.65,1.875,2.144,5.247,4.503,0.836,0.033,0.113,0.272
1995,8,0.085,0.247,0.691,0.684,0.956,1.941,2.527,4.154,5.868,3.119,2.297,2.285,2.256,0.107,0.005,0.07,0.191
1995,9,0,0.001,0.072,0.032,0.136,0.34,0.218,0.47,0.743,0.721,0.444,0.582,1.101,0.105,0.006,0.086,0.355
1995,10,0.01,0.03,0.05,0.088,0.333,0.893,0.933,2.033,2.536,1.113,0.512,1.691,0.515,0.005,0.005,0.026,0.13
1995,11,-1.652,-0.523,-0.968,-0.727,-0.705,-1.153,0.153,1.858,2.247,0.173,2.761,2.679,1.207,0.128,0.015,0.107,0.008
1995,12,-2.255,-0.554,-1.355,-0.966,-1.258,-3.396,-2.36,-1.532,-0.59,-1.374,-0.342,0.489,0.321,0.469,0.153,0.189,0.06
1996,1,-0.249,0.996,0.274,-0.62,0.039,0.789,-1.705,3.256,3.307,1.397,1.826,2.891,2.973,1.266,0.571,0.669,0.426
1996,2,-3.323,-0.927,-2.839,-1.372,-0.789,-2.071,-3.625,0.16,-1.002,-0.85,-0.744,-0.093,0.171,0.927,0.551,0.59,0.422
1996,3,-0.054,-0.041,-0.425,-0.726,2.289,3.66,1.665,7.856,6.644,2.25,2.786,3.821,2.354,1.91,0.514,0.54,0.602
1996,4,-4.043,-0.362,-2.793,-3.39,-2.43,-0.853,-0.345,4.386,7.183,5.224,7.255,7.389,7.776,4.234,0.506,0.564,0.321
1996,5,-0.106,0.073,0.679,0.386,5.23,10.98,11.801,17.857,26.232,14.435,11.982,11.622,8.299,1.563,0.042,0.21,0.568
1996,6,0.191,0.091,0.552,1.331,6.028,10.64,10.873,22.326,32.898,15.056,19.319,14.983,11.398,1.622,0.064,0.222,0.405
1996,7,0.122,0.207,0.922,2.783,6.676,10.335,12.634,15.69,15.877,7.385,5.134,3.951,2.703,0.255,0.01,0.098,0.17
1996,8,0.373,0.604,2.209,2.244,4.02,5.061,5.268,11.061,13.986,7.137,6.142,4.342,2.163,0.184,0.007,0.037,0.285
1996,9,0.02,0.13,0.255,0.442,1.659,2.449,2.806,4.646,5.366,1.988,2.045,1.029,0.564,0.015,0.002,0.063,0.273
1996,10,0.002,0.052,0.194,0.372,1.856,2.529,3.151,3.605,4.477,2.375,3.57,2.495,1.345,0.263,0.023,0.107,0.373
1996,11,-0.535,0.221,0.119,0.039,1.281,0.286,0.018,2.664,5.136,3.343,2.825,3.513,3.123,0.932,0.176,0.267,0.507
1996,12,-4.457,-1.213,-4.601,-2.652,-3.511,-7.114,-6.473,-4.448,-2.138,-4.1,-1.591,-0.373,0.807,0.373,0.137,0.009,0.103
1997,1,-5.671,-1.469,-1.96,-2.299,-0.977,-2.309,-3.629,0.152,0.571,-1.272,1.264,1.779,1.03,0.761,0.413,0.283,0.708
1997,2,-1.308,2.574,1.86,0.665,5.254,7.066,4.66,15.986,15.522,9.166,12.893,13.737,11.461,4.816,1.207,1.025,0.808
1997,3,-7.203,-3.072,-4.037,-5.621,3.333,3.967,3.62,11.806,16.252,6.787,8.533,7.337,8.549,1.85,0.331,0.206,0.076
1997,4,0.304,0.679,1.749,-0.489,6.51,6.668,5.44,15.303,23.427,9.67,14.39,16.787,15.564,4.255,0.343,0.356,1.345
1997,5,-0.3,-0.038,0.201,0.005,0.58,1.859,0.823,3.145,3.597,3.139,3.277,4.876,3.725,1.061,0.024,0.093,0.375
1997,6,0,0,0.053,0.066,0.312,1.68,5.035,8.631,13.117,10.001,7.984,5.775,4.43,0.535,0.012,0.142,0.44
1997,7,0.005,0.009,0.282,0.549,0.409,2.914,5.515,8.891,9.588,7.587,4.433,3.741,2.896,0.23,0.006,0.085,0.109
1997,8,0.006,0.001,0.254,0.444,0.508,1.56,2.109,2.324,2.172,1.119,0.691,0.476,0.107,0.001,0.002,0.061,0.485
1997,9,0,0,0,0,0.003,0.01,0.08,0.393,0.185,0.04,0.044,0.004,0.001,0,0.001,0.054,0.478
1997,10,0,-0.003,-0.009,-0.008,0.183,0.373,1.547,1.91,1.638,0.616,0.076,0.009,0,0,0.003,0.052,0.358
1997,11,-0.263,-0.033,-0.063,-0.012,-0.001,-0.197,-0.215,-0.039,0.001,-0.021,-0.002,0,0,0,0.001,0.048,0.383
1997,12,-1.326,-0.256,-0.036,-0.018,0.023,0.357,0.363,0.622,0.414,0.103,0.086,0.056,0.034,0.012,0.011,0.069,0.404
1998,1,-5.772,-1.169,-1.806,-0.324,-1.816,-3.461,-2.467,-2.596,-1.915,-1.359,-0.529,0.178,-0.047,0.04,0.013,0.103,0.501
1998,2,-2.779,-0.311,-2.445,-0.813,-1.76,-2.792,-2.547,-1.807,0.463,-0.82,0.198,1.59,1.507,0.357,0.347,0.38,0.261
1998,3,-1.057,0.367,0.206,-0.289,1.264,2.299,1.428,7.201,7.275,3.208,3.845,4.206,3.385,1.003,0.252,0.487,0.697
1998,4,0.515,0.331,0.972,0.692,2.89,5.863,6.548,12.567,13.526,7.54,6.649,7.345,6.827,2.799,0.474,0.989,0.729
1998,5,0.957,0.682,0.933,0.504,2.151,3.416,2.489,5.429,5.483,1.719,1.881,3.696,4.554,1.398,0.157,0.448,0.867
1998,6,0.195,0.16,0.73,1.366,4.678,10.462,12.446,16.166,12.388,5.876,3.513,2.985,2.082,0.535,0.033,0.274,1.161
1998,7,0.02,0.039,0.317,0.815,4.383,6.73,7.534,9.683,12.661,6.097,4.752,2.768,2.989,0.359,0.014,0.073,0.355
1998,8,0.152,0.141,0.989,1.509,3.562,5.635,6.505,7.864,9.411,3.961,1.759,0.597,0.123,0.008,0.003,0.051,0.263
1998,9,0.026,0.053,0.611,0.824,2.082,4.814,5.47,5.998,4.257,1.284,0.247,0.117,0.046,0.004,0.002,0.102,0.427
1998,10,-0.031,-0.006,0.027,-0.024,0.577,1.276,1.411,4.209,5.01,2.851,2.388,2.543,1.183,0.147,0.014,0.07,0.287
1998,11,-0.719,-0.328,-1.347,-0.965,-1.567,-4.626,-3.825,-0.714,0.784,-0.824,1.121,2.422,2.553,0.61,0.098,0.25,0.254
1998,12,-2.41,-0.381,-1.204,-2.26,6.12,6.11,10.121,11.372,12.337,6.023,6.862,10.203,8.135,2.881,0.641,1.227,0.873
1999,1,-7.201,-3.366,-4.935,-5.643,0.391,-0.723,0.816,3.866,7.52,5.706,2.898,2.405,3.667,1.185,0.597,0.96,1.071
1999,2,-23.894,-10.782,-22.082,-12.883,-13.043,-18.299,-16.533,-7.304,1.289,2.307,4.862,3.86,8.424,2.962,2.234,1.532,3.903
1999,3,-11.065,-3.803,-7.916,-6.417,-8.509,2.886,-2.762,4.958,8.838,7.623,7.635,12.44,9.514,3.6,1.742,1.31,3.572
1999,4,5.388,4.713,9.036,4.94,17.437,31.262,28.513,37.242,47.667,27.164,27.233,27.883,20.508,6.523,2.963,1.748,3.49
1999,5,2.028,1.841,4.199,2.871,11.336,27.111,27.788,34.405,47.661,16.297,24.467,24.115,15.267,3.749,0.593,0.995,2.157
1999,6,0.624,0.491,1.005,1.238,5.951,11.605,11.128,26.795,34.132,13.263,14.29,19.821,13.502,3.163,0.374,0.828,1.315
1999,7,0.434,0.292,0.617,1.568,3.099,7.007,8.861,16.69,17.461,7.782,6.234,5.39,3.029,0.399,0.045,0.285,0.648
1999,8,0.051,0.114,0.242,0.456,1.305,1.648,1.935,3.823,4.53,3.419,3.413,3.761,3.642,1.02,0.029,0.16,0.532
1999,9,0.276,0.41,1.58,2.823,6.128,12.48,10.778,9.983,8.033,2.318,0.887,0.126,0.163,0.091,0.008,0.144,0.451
1999,10,-0.236,0.393,0.488,0.628,3.741,6.843,5.541,6.007,5.147,1.702,1.341,0.723,0.871,0.175,0.011,0.075,0.411
1999,11,-3.069,-1.342,-2.655,-2.36,-3.738,-6.643,-4.891,-1.104,-0.527,-0.774,1.622,0.68,1.39,0.455,0.126,0.212,0.589
1999,12,-1.658,-0.125,0.301,-0.701,4.024,5.97,4.947,11.057,11.529,7.217,8.626,4.046,4.571,1.909,0.642,0.522,0.358
2000,1,-6.611,-1.563,-3.466,-5.499,-4.537,-6.824,-5.464,-3.209,1.528,0.957,-0.074,3.829,5.312,1.596,1.18,0.68,1.15
2000,2,-6.543,0.951,-3.53,-1.322,-2.683,-7.262,-6.491,-4.752,-1.583,-3.33,-3.673,-0.544,-0.553,0.975,0.836,0.704,0.696
2000,3,-0.861,1.11,1.511,-0.9,6.904,14.622,12.1,20.084,27.973,14.21,16.138,14.033,12.501,4.616,1.859,1.408,2.065
2000,4,0.505,1.019,2.633,1.053,5.675,4.722,3.173,6.447,9.752,5.635,7.449,11.178,10.897,4.297,0.563,0.707,1.745
2000,5,0.085,0.927,0.741,0.144,2.128,4.347,4.54,12.993,16.397,11.946,11.959,15.446,13.89,3.411,0.248,0.414,1.065
2000,6,0.403,0.209,0.941,1.33,6.483,12.577,15.483,14.498,13.302,7.757,4.909,5.459,2.458,0.739,0.012,0.224,1.13
2000,7,0.379,0.375,1.196,1.704,4.696,7.116,10.503,14.534,17.572,9.915,8.736,8.811,4.53,0.686,0.007,0.23,0.735
2000,8,0.128,0.223,1.888,2.245,4.744,5.415,7.057,8.157,10.495,6.03,3.65,3.643,1.756,0.187,0.004,0.091,0.29
2000,9,-0.017,0.011,0.196,0.462,1.515,4.289,3.495,4.789,4.136,2.13,1.122,0.812,0.341,0.019,0.003,0.074,0.417
2000,10,-0.318,-0.086,0.009,0.271,2.627,3.673,5.083,5.758,6.293,3.632,2.925,1.419,1.159,0.17,0.01,0.087,0.371
2000,11,-2.483,-0.688,0.778,-0.693,0.971,0.626,2.122,4.663,6.209,2.735,4.944,3.745,2.493,1.349,0.349,0.319,0.596
2000,12,-4.014,-1.546,-3.765,-2.489,-1.55,0.258,-0.309,2.743,3.499,1.789,1.863,2.745,2.532,1.396,0.553,0.304,0.195
2001,1,-4.249,-3.529,-6.389,-3.752,-2.172,-0.002,-1.327,2.565,4.392,2.628,2.859,0.439,1.599,1.043,0.679,0.849,0.802
2001,2,-2.108,0.545,2.365,1.313,6.259,2.779,4.437,2.955,5.834,4.781,1.377,2.205,3.299,1.071,2.275,0.579,0.479
2001,3,1.478,2.225,7.201,2.885,10.039,11.934,11.078,22.817,20.602,10.299,8.769,11.678,8.687,4.06,1.361,0.675,1.388
2001,4,2.345,0.682,1.333,-2.384,6.385,13.359,14.446,15.295,25.426,16.626,16.143,19.204,21.666,11.388,3.503,2.809,3.49
2001,5,3.372,2.999,5.048,5.316,13.345,27.052,26.45,32.745,35.774,24.312,13.173,9.959,7.364,0.92,0.013,0.483,0.558
2001,6,1.247,0.459,1.273,2.203,6.587,14.732,16.098,24.982,32.484,25.468,16.301,10.168,7.513,1.715,0.112,0.29,0.474
2001,7,2.426,1.706,2.678,6.534,13.826,17.466,24.621,26.225,21.196,10.59,4.169,3.379,3.301,1.092,0.169,0.209,0.534
2001,8,-0.118,-0.009,0.21,0.304,1.384,0.854,2.785,7.02,9.63,8.939,7.325,4.262,4.655,1.492,0.067,0.183,0.301
2001,9,0.207,0.505,1.135,1.881,4.089,4.605,4.633,6.183,6.161,3.443,2.625,1.909,1.776,0.341,0.036,0.127,0.434
2001,10,0.241,0.126,0.272,1.914,6.394,5.807,12.716,8.627,9.323,4.69,3.203,1.256,0.818,0.084,0.013,0.028,0.167
2001,11,-3.583,-1.759,-3.304,-2.618,-2.502,-4.973,-6.715,-0.948,0.97,0.059,1.26,0.74,0.983,0.304,0.076,0.18,0.32
2001,12,-2.437,-0.245,-2.247,-2.558,-2.747,-3.663,-6.093,0.973,4.675,2.216,1.103,2.932,5.015,1.96,1.302,0.989,1.282
2002,1,-7.175,-1.584,-2.613,-5.092,-0.449,1.106,-1.501,7.293,12.807,6.177,8.134,9.892,8.493,3.16,1.448,1.466,1.841
2002,2,-3.446,-0.423,1.159,-0.148,7.054,12.569,9.694,8.517,4.81,3.257,-1.879,6.373,6.091,1.019,1.666,1.874,1.839
2002,3,-1.553,-0.266,3.336,-1.704,8.773,10.811,14.75,14.943,18.625,8.196,11.329,9.439,11.542,7.164,4.543,2.772,2.994
2002,4,4.266,3.116,9.225,5.61,17.64,20.161,22.514,22.437,25.684,8.7,12.487,11.68,13.097,7.64,2.233,2.221,2.372
2002,5,2.721,2.192,5.094,2.628,15.903,19.436,22.491,30.595,35.645,15.368,24.689,13.204,16.042,10.652,1.554,1.57,3.073
2002,6,0.545,0.25,1.324,1.503,8.526,24.213,21.131,40.744,50.279,28.212,23.651,19.289,16.449,4.101,0.338,0.584,1.086
2002,7,0.606,0.228,2.078,3.11,9.144,18.719,13.619,20.739,17.338,5.342,3.761,3.046,3.539,0.867,0.111,0.229,0.604
2002,8,1.699,0.763,2.656,6.346,15.689,19.012,16.87,24.233,17.016,7.678,4.233,2.475,2.664,0.943,0.036,0.18,0.392
2002,9,0.141,0.449,1.375,2.341,5.618,9.414,9.706,9.174,5.542,1.635,1.696,2.979,1.99,0.681,0.011,0.182,0.401
2002,10,1.671,0.697,2.805,6.832,10.764,17.581,21.168,15.29,10.907,5.636,3.957,2.108,1.395,0.403,0.025,0.179,0.646
2002,11,-4.281,-4.207,-6.708,-3.725,-1.81,-4.526,-3.15,-2.064,-1.168,-1.231,0.736,0.798,0.727,0.233,0.082,0.058,0.182
2002,12,-6.613,-1.257,-3.578,-1.585,-1.354,-1.861,-4.895,-4.125,-3.741,-2.301,-1.733,-0.617,-0.043,0.364,0.242,0.318,0.676
2003,1,-5.822,-0.585,-2.239,-2.042,-3.879,-1.726,-5.318,1.05,-0.322,-0.25,0.13,1.791,0.673,0.518,0.27,0.525,0.498
2003,2,-1.787,-1.519,0.661,0.033,5.149,4.071,3.429,5.89,6.145,3.18,3.764,2.239,2.413,0.988,0.364,0.165,0.094
2003,3,-6.483,-1.672,-3.281,-4.13,-3.892,1.261,0.426,5.091,8.352,4.29,7.841,8.833,9.486,6.31,1.844,1.098,1.461
2003,4,-4.789,-0.393,-1.773,-1.85,-1.049,2.381,0.811,4.255,8.566,3.686,6.817,7.947,9.345,7.025,2.431,1.938,2.742
2003,5,0.707,0.501,1.385,0.671,5.138,10.413,10.769,20.437,28.824,20.074,19.589,16.507,15.742,7.062,1.24,1.13,0.959
2003,6,1.182,0.703,2.148,3.231,11.978,23.97,16.501,25.296,32.966,11.524,13.336,13.816,7.674,4.061,0.673,0.673,0.635
2003,7,1.036,0.916,2.133,2.917,8.013,17.373,11.968,26.014,24.147,7.085,5.024,7.876,3.569,1.448,0.15,0.172,0.184
2003,8,0.838,0.889,0.758,0.811,2.997,2.797,2.083,6.079,3.365,1.155,0.895,1.277,0.809,0.563,0.05,0.301,0.838
2003,9,0.292,0.294,1.34,2.557,3.133,5.108,4.33,3.757,3.004,1.405,0.73,0.549,0.631,0.201,0.015,0.124,0.507
2003,10,-0.019,-0.116,-0.363,-0.155,-0.147,1.79,1.141,6.169,7.212,3.457,5.188,3.506,2.057,0.388,0.024,0.055,0.317
2003,11,-0.096,0.118,-0.252,-0.325,0.166,0.458,-1.021,-0.121,0.291,1.042,1.615,0.016,1.218,0.502,0.097,0.116,0.535
2003,12,-2.05,-1.326,-1.452,-1.358,-0.708,-4.183,-7.939,-4.037,-2.752,-0.385,-0.172,1.613,-0.061,0.376,0.305,0.238,0.204
2004,1,-2.06,-4.384,-2.698,-4.319,-0.11,-2.98,-7.755,-1.674,2.505,0.708,2.201,4.644,4.06,2.277,0.952,0.828,0.927
2004,2,-4.451,-0.372,-2.219,-3.725,-1.205,-3.52,-6.872,-0.399,0.99,-1.532,-2.799,0.696,1.926,2.46,1.807,1.157,1.374
2004,3,0.74,0.028,2.348,-0.441,6.104,13.168,10.728,15.903,19.905,12.43,13.725,10.418,10.429,4.466,1.441,1.471,1.896
2004,4,0.547,0.681,0.962,1.106,4.692,8.577,4.819,7.273,12.705,4.311,13.291,10.317,9.438,4.61,0.729,0.793,1.482
2004,5,0.069,0.09,0.413,0.536,1.649,4.583,4.556,11,15.662,11.263,14.469,15.484,11.658,6.493,0.37,0.643,1.233
2004,6,0.011,0.14,0.524,0.916,3.262,7.337,8.692,20.084,19.932,12.301,14.843,17.766,13.516,4.414,0.249,0.369,0.312
2004,7,0.095,0.272,0.803,1.553,2.941,5.178,7.15,9.181,6.035,3.368,3.902,4.133,2.929,1.053,0.062,0.241,0.708
2004,8,0.1,0.396,0.548,0.639,0.844,1.76,2.162,2.343,3.154,2.749,3.336,2.76,1.857,0.478,0.044,0.139,0.461
2004,9,0.003,0.07,0.232,0.442,1.831,3.506,6.757,7.334,8.163,4.979,2.303,0.948,0.373,0.038,0.008,0.121,0.589
2004,10,-0.001,0.04,-0.038,0.386,0.998,1.817,2.909,2.759,2.511,1.888,1.566,0.735,0.599,0.081,0.005,0.058,0.237
2004,11,0.878,0.618,2.064,1.742,5.794,7.559,14.707,10.579,9.429,5.76,2.784,1.507,1.313,0.227,0.058,0.208,0.055
2004,12,-3.124,-0.012,-1.408,-0.811,3.975,0.666,9.334,5.305,2.098,-1.68,-1.139,-1.681,-0.723,0.044,0.079,0.142,0.529
2005,1,-6.68,-2.894,-3.96,-3.039,-1.9,-3.921,-6.187,-3.062,-3.713,-3.114,0.373,0.886,0.154,0.075,0.219,0.391,0.786
2005,2,1.028,0.315,1.764,0.725,3.608,1.852,0.075,2.322,-0.148,-1.378,-1.673,-0.825,-0.03,0.032,0.14,0.004,1.003
2005,3,-2.055,0.411,-1.503,1.113,0.125,0.575,-1.51,2.649,3.883,2.861,3.086,2.557,2.536,1.234,0.461,0.878,1.519
2005,4,-0.678,-0.146,0.623,-0.912,1.07,5.615,2.872,9.235,14.673,6.545,12.437,14.016,17.533,10.304,2.305,1.597,1.543
2005,5,-0.056,0.065,-0.182,-0.631,-0.316,1.958,0.71,5.161,6.595,4.49,4.971,5.818,5.416,3.879,0.353,0.952,1.126
2005,6,0.003,0.001,0.108,0.162,2.325,6.624,8.498,15.785,22.635,14.745,19.198,9.006,8.612,5.681,0.357,0.437,0.833
2005,7,0.509,0.741,1.121,2.15,5.44,9.783,12.723,17.684,17.63,6.995,5.646,5.907,4.389,1.842,0.152,0.226,0.317
2005,8,1.104,1.34,1.52,3.158,5.784,8.525,17.254,17.534,14.45,4.448,4.247,2.1,1.023,0.291,0.014,0.085,0.243
2005,9,0.187,0.578,1.985,3.235,6.649,7.42,19.271,14.192,13.905,6.781,3.991,2.991,2.06,0.832,0.013,0.193,0.481
2005,10,0.054,0.213,-0.356,-0.395,0.447,-0.137,1.995,1.693,5.216,3.325,4.541,4.347,2.972,1.262,0.043,0.177,0.506
2005,11,-0.154,0.021,0.055,0.199,0.808,2.56,4.94,3.877,4.768,3.257,3.731,2.589,2.497,1.278,0.217,0.28,0.466
2005,12,-8.046,-1.791,-4.977,-3.392,-7.516,-11.084,-8.474,-2.726,0.62,0.85,-2.541,0.313,-0.067,0.754,0.659,0.552,1.19
2006,1,-6.043,-0.67,-1.918,-1.18,-4.105,-1.874,-4.652,-1.357,0.436,0.305,1.656,3.481,4.451,3.415,1.138,0.647,1.441
2006,2,1.249,-1.6,0.474,-0.612,2.625,4.097,1.887,5.062,7.256,4.99,4.544,6.094,3.843,2.717,0.86,0.254,1.392
2006,3,-10.46,-1.262,-6.512,-4.231,-4.297,0.259,-6.744,-3.856,3.812,5.287,4.743,8.114,6.756,4.951,3.719,2.293,2.696
2006,4,0.853,1.457,2.45,0.438,6.668,14.395,9.701,17.695,16.844,9.04,4.337,3.838,4.207,2.479,0.582,0.481,1.441
2006,5,3.908,2.508,5.747,2.031,15.799,19.418,18.469,27.575,26.808,14.28,14.215,12.468,11.187,5.222,0.559,0.553,0.368
2006,6,0.257,0.311,1.689,2.915,8.338,16.62,16.942,20.072,20.094,10.19,9.297,8.129,7.602,2.605,0.124,0.246,0.55
2006,7,0.57,0.521,1.528,2.663,8.052,13.315,10.361,17.653,17.093,8.11,10.266,5.651,4.932,1.502,0.022,0.067,0.253
2006,8,1.598,1.665,3.156,4.071,14.005,15.541,19.851,22.31,17.761,5.8,2.419,1.149,0.522,0.192,0.005,0.107,0.464
2006,9,0.25,0.401,0.732,1.973,6.806,8.814,13.566,13.892,15.677,7.382,3.838,1.942,1.007,0.321,0.017,0.138,0.678
2006,10,0.675,0.652,1.135,1.839,0.998,0.494,3.364,2.333,2.139,0.95,0.501,0.179,0.07,0.027,0.014,0.103,0.328
2006,11,-2.711,-1.712,-2.379,-4.083,-4.228,-3.642,-5.647,-0.154,0.677,-0.666,1.038,1.054,0.993,0.098,0.027,0.103,0.309
2006,12,-7.601,-1.215,-3.938,-3.392,-2.841,-2.68,-4.274,3.015,2.333,0.889,2.567,2.254,1.607,0.807,0.35,0.119,0.344
2007,1,-4.803,-1.46,1.017,-1.003,7.845,6.761,5.763,15.355,13.363,10.952,8.153,3.629,5.16,1.477,1.087,0.711,0.868
2007,2,-9.937,-3.497,-2.552,-2.786,-3.452,-5.118,-1,6.728,14.716,5.496,5.647,9.149,4.212,2.989,1.623,2.146,2.24
2007,3,-11.121,-2.951,0.736,0.312,9.448,12.229,10.571,22.986,26.715,14.578,12.33,18.223,7.304,4.795,2.325,1.875,0.888
2007,4,-2.264,-1.228,0.717,-2.862,5.214,3.674,5.447,10.471,25.383,8.319,23.681,22.833,19.502,12.497,3.275,2.655,2.011
2007,5,4.299,3.219,7.923,3.869,15.684,23.924,24.371,29.023,34.307,18.45,15.501,16.997,11.136,7.948,1.435,1.529,2.225
2007,6,0.648,0.666,0.472,1.267,5.356,11.476,11.321,22.611,33.5,17.082,17.384,13.629,11.338,5.396,0.457,0.854,1.107
2007,7,0.192,0.041,0.372,0.293,2.41,9.597,7.509,15.993,12.17,3.568,4.095,4.314,4.338,1.12,0.042,0.234,0.521
2007,8,0.207,0.119,0.327,0.21,2.261,5.246,4.529,5.429,6.951,1.818,3.063,1.963,1.645,0.431,0.013,0.127,0.446
2007,9,0.038,0.121,0.884,1.01,5.929,10.863,9.144,9.6,8.099,3.738,1.905,1.763,1.431,0.635,0.025,0.264,0.471
2007,10,0.013,-0.106,0.262,-0.109,2.989,5.492,5.951,6.305,4.365,2.864,4.133,2.229,2.857,1.256,0.068,0.276,0.824
2007,11,-0.55,0.098,0.562,-0.299,2.95,5.412,6.617,9.899,9.757,4.708,5.27,3.29,0.94,0.392,0.101,0.203,0.513
2007,12,-11.284,-6.743,-10.553,-8.077,-8.81,-3.348,-0.459,5.29,6.841,3.147,6.3,1.773,5.862,2.792,1.995,1.787,1.455
2008,1,-12.934,-4.004,-5.914,-6.47,-6.318,-2.799,-0.729,-0.717,0.173,-4.725,-6.24,-4.58,1.7,-0.05,0.95,0.851,0.778
2008,2,-5.764,2.069,-1.289,-5.923,2.376,4.43,3.257,19.584,15.419,7.768,9.267,11.911,8.231,3.766,2.579,2.805,2.412
2008,3,-2.693,3.107,0.956,-3.172,2.214,8.546,5.071,20.937,26.171,14.024,29.621,29.658,23.068,14.127,3.871,3.911,4.413
2008,4,2.626,1.793,5.266,-0.449,12.835,13.328,9.087,20.96,22.793,13.895,26.55,26.687,29.387,15.406,3.223,3.131,3.63
2008,5,5.254,3.901,10.097,4.552,18.511,25.144,21.747,31.84,40.162,27.598,25.757,22.655,15.838,7.59,1.344,1.232,2.42
2008,6,3.432,1.877,4.376,5.418,14.731,30.522,21.516,36.433,39.454,22.705,17.097,22.76,13.495,4.55,0.428,0.505,1.511
2008,7,4.367,2.241,5.031,7.738,14.064,15.962,13.607,13.211,13.561,6.544,5.253,9.536,3.564,0.699,0.066,0.182,0.55
2008,8,0.114,0.135,0.815,0.723,2.752,6.901,8.835,14.167,15.841,7.392,4.026,2.605,1.23,0.119,0.01,0.096,0.403
2008,9,0.215,0.708,2.087,2.266,6.93,14.96,14.672,10.513,4.644,0.956,0.403,0.371,0.355,0.089,0.012,0.134,0.577
2008,10,-0.394,-0.256,-0.438,-0.552,0.441,3.11,4.456,8.018,8.455,4.574,2.83,1.68,1.036,0.306,0.023,0.141,0.293
2008,11,-2.778,-0.901,-1.025,-2.217,-3.143,-2.858,-3.405,-0.962,1.164,0.696,2.474,1.559,1.835,0.353,0.052,0.055,0.391
2008,12,-3.751,-0.642,-0.92,-0.735,-0.173,1.911,3.835,6.221,6.34,1.746,4.941,1.83,2.338,0.586,0.269,0.527,0.332
2009,1,-4.249,-0.544,0.529,-2.774,3.361,4.96,6.421,4.769,5.413,1.871,4.812,2.391,2.375,-0.15,-0.171,0.87,0.335
2009,2,-4.328,3.291,0.501,-2.501,-2.006,-6.771,-7.816,-2.469,-1.243,-1.513,-0.651,-0.577,0.954,0.94,1.209,0.946,0.508
2009,3,-1.181,0.318,1.458,-2.829,2.479,8.935,12.428,22.132,26.478,19.815,20.156,12.81,11.754,4.53,1.365,1.148,2.096
2009,4,4.006,1.627,5.814,2.835,15.406,23.264,16.77,24.908,27.489,20.036,23.403,23.692,21.234,10.755,1.965,2.014,2.869
2009,5,0.973,1.944,4.815,1.088,12.541,16.019,11.786,30.847,26.164,17.238,13.58,11.23,9.645,4.861,0.755,1.429,1.528
2009,6,0.514,0.879,2.868,2.898,5.192,11.323,11.335,16.252,15.854,7.954,5.278,4.731,2.317,1.259,0.379,0.605,1.183
2009,7,1.245,1.39,4.598,7.908,12.565,14.985,16.187,10.678,13.123,5.978,4.909,4.645,2.62,0.411,0.025,0.178,0.518
2009,8,0.401,0.426,1.492,1.868,2.91,6.607,6.177,5.887,5.684,3.298,2.826,1.628,1.023,0.389,0.02,0.164,0.673
2009,9,-0.003,-0.023,-0.021,0.011,1.185,1.814,2.58,3.716,3.422,2.805,1.929,1.539,0.84,0.112,0.018,0.126,0.587
2009,10,-0.035,0.028,0.008,-0.642,2.425,4.518,5.778,9.259,9.848,7.12,4.359,2.891,1.18,0.299,0.017,0.15,0.46
2009,11,-1.619,-0.512,-1.8,-2.649,-1.58,0.264,1.441,3.961,7.944,4.602,6.714,4.657,3.17,0.65,0.076,0.115,0.482
2009,12,-8.728,-3.092,-4.174,-5.188,-4.011,-1.859,-5.607,-0.468,-1.357,-0.067,-3.65,-0.428,-1.567,0.178,0.237,0.242,0.513
2010,1,-21.08,-3.687,-9.561,-8.368,-12.727,-13.755,-16.158,-6.868,-2.49,-4.034,-2.691,-0.668,-0.305,-0.328,0.262,0.033,-0.044
2010,2,-7.999,-1.536,-1.632,-1.591,-7.498,-2.039,-3.28,1.774,0.826,-1.401,-0.133,1.351,0.665,0.558,0.385,0.487,0.946
2010,3,-4.772,0.138,-1.151,-2.548,-3.436,2.204,0.089,6.745,8.798,5.354,7.259,9.572,7.126,4.18,1.225,1.041,2.23
2010,4,-0.796,0.908,0.72,-1.785,2.418,7.53,6.702,15.751,20.924,14.755,13.229,10.231,10.308,6.638,1.925,1.415,2.729
2010,5,0.257,-0.042,1.197,-0.032,4.001,8.967,8.31,14.504,18.487,17.398,22.709,21.348,19.127,10.441,1.769,1.643,3.915
2010,6,0.218,0.207,0.482,1.097,5.926,14.303,15.512,25.298,31.701,23.533,22.481,16.467,16.138,5.337,2.112,2.436,1.497
2010,7,4.198,4.15,6.774,15.631,31.953,33.695,34.115,28.127,26.393,13.033,6.82,5.647,4.561,2.063,0.592,0.731,0.956
2010,8,1.634,2.151,2.789,3.376,9.604,11.979,8.127,19.743,18.372,10.554,7.902,4.828,4.92,2.13,0.119,0.508,0.831
2010,9,-0.195,0.09,-0.018,-0.294,1.384,3.322,2.34,4.93,5.376,3.052,4.013,3.063,2.156,1.078,0.091,0.23,0.647
2010,10,-0.006,0.01,-0.035,-0.391,-0.918,1.116,1.234,3.744,4.444,2.298,0.909,0.742,0.522,0.29,0.046,0.088,0.471
2010,11,-1.637,-0.469,-0.99,-1.738,-2.652,-2.269,0.29,2.766,6.146,4.001,5.625,3.143,2.28,1.082,0.575,0.563,0.359
2010,12,-12.629,-3.719,-9.392,-8.013,-11.105,-10.566,-13.368,-7.068,-3.95,-2.732,-3.141,-1.748,-1.202,0.908,0.76,-0.655,0.484
2011,1,-6.79,-2.586,0.121,-3.669,-3.555,1.192,-0.165,4.891,5.237,5.171,5.127,2.04,3.252,-0.577,-0.425,-0.682,-0.359
2011,2,-0.113,0.394,1.85,-1.811,1.861,4.429,6.243,4.646,7.107,4.748,6.293,2.628,2.293,0.496,0.872,0.111,0.035
2011,3,-18.572,-2.237,-8.544,-4.081,-9.353,-6.235,-7.931,-5.714,-1.285,1.375,1.707,4.505,5.525,3.637,1.945,2.038,3.988
2011,4,1.385,1.164,3.24,-0.243,8.747,12.392,9.53,18.525,16.158,13.929,15.664,12.69,15.436,8.363,1.254,1.882,3.675
2011,5,0.643,0.293,0.8,0.064,7.293,10.161,12.032,18.855,24.877,14.716,15.616,13.235,11.44,10.182,1.377,1.317,2.791
2011,6,0.528,0.421,0.993,1.27,4.386,12.654,10.667,23.744,26.033,16.443,15.948,11.273,11.463,4.109,0.572,0.99,1.106
2011,7,3.205,2.456,2.693,4.351,8.127,11.677,10.651,14.942,18.616,6.981,7.106,4.658,3.255,0.767,0.086,0.508,0.969
2011,8,2.445,1.672,2.12,1.781,2.891,7.049,7.511,9.968,12.855,9.161,6.836,3.131,2.315,0.435,0.048,0.335,0.685
2011,9,0.175,0.448,0.553,1.756,3.489,4.585,4.883,6.5,4.337,3.338,1.963,0.506,0.49,0.158,0.032,0.239,0.5
2011,10,0,-0,0.011,0.048,0.87,2.451,4.189,4.812,3.399,1.931,1.583,0.681,0.687,0.199,0.071,0.196,0.569
2011,11,-3.036,-0.766,-1.497,-2.036,-2.089,-4.321,-2.199,-0.91,3.759,2.864,1.819,1.927,0.799,0.217,0.101,0.16,0.047
2011,12,-3.062,-1.355,3.266,-0.814,6.272,10.707,10.836,13.709,11.095,3.028,-0.691,0.374,0.385,0.417,0.41,0.128,0.184
2012,1,-16.877,-5.841,-10.551,-9.346,-7.976,-8.093,-3.409,0.181,2.599,2.775,3.743,2.501,2.73,0.797,0.956,0.356,0.792
2012,2,-4.101,0.422,0.562,-1.133,6.224,10.078,8.573,14.829,20.855,16.775,20.011,13.584,11.554,5.572,2.282,1.058,2.21
2012,3,-16.321,-2.306,-14.831,-11.776,-11.123,-7.013,-7.703,-5.401,-0.643,-3.345,0.814,1.553,4.335,4.823,3.29,2.592,4.719
2012,4,-5.826,-0.095,-3.867,-4.297,-4.471,-0.496,-2.029,4.827,9.997,6.392,11.035,16.992,15.102,7.529,2.121,1.955,2.738
2012,5,1.874,2.353,4.752,2.903,12.239,19.385,21.829,19.713,32.041,17.049,25.262,19.663,21.47,9.007,1.425,1.594,2.629
2012,6,0.013,0.096,0.762,0.478,5.284,10.494,14.485,20.571,29.181,21.78,18.337,13.848,9.777,3.473,0.699,0.862,1.4
2012,7,3.253,2.439,2.482,2.191,5.111,9.158,9.781,17.58,17.74,10.787,7.178,4.411,3.299,0.892,0.099,0.472,0.919
2012,8,2.213,2.265,2.375,2.699,5.955,8.189,6.239,8.136,8.836,5.92,3.545,3.354,2.129,0.185,0.007,0.101,0.632
2012,9,0.711,1.136,2.184,3.731,7.336,8.299,6.69,8.099,5.24,2.728,2.249,1.861,0.742,0.062,0.007,0.123,0.708
2012,10,-0.374,0.372,0.124,0.487,1.793,1.075,0.859,0.023,1.631,1.121,0.418,0.225,0.107,0.015,0.007,0.134,0.631
2012,11,-2.497,-1.311,-1.172,-2.018,-2.566,-2.504,-1.981,-1.038,-0.22,-0.323,0.044,0.289,0.107,0.012,0.035,0.114,0.372
2012,12,-1.914,-3.279,-1.014,-3.342,-0.858,-1.89,-0.3,0.971,1.887,1.963,0.568,0.931,1.281,0.592,0.279,0.529,1.255
2013,1,0.557,1.035,-0.335,-2.632,3.357,2.173,4.179,6.167,7.699,4.485,8.218,6.032,6.726,2.521,2.054,1.454,1.646
2013,2,-0.983,-1.544,-0.963,1.036,3.905,12.054,14.937,20.15,21.821,17.369,12.899,13.269,13.169,6.513,2.925,2.794,4.537
2013,3,-0.373,-0.198,-1.249,-0.126,2.491,7.215,7.078,12.592,17.677,12.425,9.91,11.219,10.558,5.762,1.966,1.773,3.626
2013,4,1.29,0.554,1.51,2.402,9.357,22.307,23.641,35.214,41.843,32.431,20.3,21.516,19.282,11.62,3.977,2.65,5.065
2013,5,0.408,0.908,1.952,3.541,6.581,13.796,11.333,20.393,22.949,16.247,16.85,19.902,15.532,12.002,3.862,1.559,2.584
2013,6,0.6,0.332,1.265,3.411,8.337,17.488,17.242,26.106,26.28,17.219,11.988,14.122,12.393,6.681,2.351,0.816,2.323
2013,7,4.595,2.176,3.721,11.145,19.317,28.209,31.745,30.687,22.459,13.095,4.963,5.523,4.958,2.135,0.223,0.594,1.378
2013,8,0.63,1.775,1.599,2.603,3.803,3.819,3.386,7.756,8.687,8.198,5.38,4.636,4.649,3.688,0.33,0.791,2.007
2013,9,0.335,0.358,0.287,0.199,1,1.945,1.633,3.106,4.653,4.421,3.318,4.591,4.754,3.168,0.241,0.338,1.155
2013,10,0.061,0.086,0.287,1.03,4.203,7.658,6.797,10.898,10.806,8.925,5.333,4.358,2.719,0.469,0.015,0.167,0.669
2013,11,-0.372,0.354,-0.212,0.617,1.073,2.859,1.646,4.101,5.993,6.477,4.302,2.322,1.579,0.127,0.026,0.119,0.267
2013,12,1.059,1.835,-0.233,2.57,7.29,10.281,8.657,11.422,10.575,4.754,5.733,2.745,2.71,0.383,0.262,0.48,0.528
2014,1,-2.799,0.917,-3.516,-0.089,-2.207,0.008,-2.205,2.075,0.965,-0.488,2.116,2.328,1.82,0.199,0.128,0.298,0.15
2014,2,-6.795,-2.175,-5.451,-3.462,-5.834,-4.148,-3.907,-1.275,1.423,1.321,2.2,3.937,4.954,1.456,0.459,0.754,1.307
2014,3,-2.29,-1.086,-3.749,-1.267,1.21,3.763,3.573,6.026,3.836,1.956,0.51,1.43,2.158,1.414,0.402,0.642,2.314
2014,4,0.271,0.214,1.109,0.847,4.866,5.544,7.656,10.334,10.452,9.833,7.396,8.401,10.247,5.591,1.524,1.22,3.101
2014,5,0.004,-0.079,0.306,1.069,4.385,8.972,10.033,16.942,22.189,19.9,15.202,16.279,12.828,5.76,0.694,0.406,1.056
2014,6,1.302,0.406,1.656,5.939,13.361,31.011,34.822,37.949,34.233,20.057,11.879,12.466,8.154,2.446,0.206,0.317,0.886
2014,7,2.376,0.94,1.181,3.687,7.012,13.633,12.861,8.649,7.378,5.973,3.595,1.911,1.102,0.296,0.098,0.169,0.674
2014,8,2.831,1.133,1.375,3.964,4.811,9.381,10.414,13.026,11.138,3.034,1.809,0.349,0.49,0.159,0.006,0.128,0.775
2014,9,0.383,0.271,0.265,0.921,0.861,1.343,2.414,2.99,3.164,1.433,0.449,0.216,0.506,0.088,0.003,0.146,1.323
2014,10,-0.001,-0.005,0.013,0.02,0.086,0.071,0.422,0.658,0.632,0.281,0.315,0.188,0.118,0.006,0.001,0.064,0.734
2014,11,-0.284,-0.03,-0.008,-0.001,-0.003,-0.018,-0.085,0,0.025,0.035,0.076,0.143,0.062,0.003,0.003,0.096,0.425
2014,12,-0.83,-0.069,-0.262,0.005,-0.038,-0.248,-0.153,0.163,0.356,0.151,0.134,0.269,0.219,0.027,0.031,0.088,0.407
2015,1,-0.928,-0.956,-0.297,-0.281,0.137,-0.184,0.088,0.186,0.416,0.251,0.759,0.521,0.32,-0.05,0.014,0.135,0.078
2015,2,-0.475,-0.545,-0.818,-0.342,-0.004,-0.217,0.028,0.041,1.166,0.515,0.417,0.702,0.801,0.191,0.033,0.183,0.561
2015,3,-0.284,-0.155,-0.031,-0.204,0.262,0.441,1.768,4.224,5.11,4.182,3.003,3.432,2.416,0.548,0.076,0.172,0.498
2015,4,0.263,0.171,0.779,1.308,5.639,11.253,14.167,22.896,22.211,21.715,13.043,14.897,12.251,3.828,0.607,0.532,1.496
2015,5,3.238,1.757,2.608,4.55,8.661,20.148,20.892,26.84,27.514,17.522,9.97,10.462,8.873,5.285,1.462,0.88,1.832
2015,6,5.282,3.452,5.254,8.677,10.975,22.711,19.885,19.7,17.491,11.681,7.399,6.084,6.871,3.96,0.836,0.497,1.034
2015,7,1.969,2.372,1.792,3.069,3.422,5.68,4.764,8.122,6.59,3.06,0.816,1.832,1.541,0.737,0.158,0.224,0.756
2015,8,2.832,1.286,1.775,2.588,2.652,3.401,4.161,4.939,5.085,1.651,1.209,0.336,0.422,0.438,0.094,0.172,0.906
2015,9,0.448,0.512,0.512,1.286,1.979,3.421,4.877,6.1,4.097,2.323,0.76,0.186,0.046,0.057,0.01,0.094,0.761
2015,10,-0.021,-0.021,-0.166,-0.185,0.34,0.675,2.26,1.403,0.957,0.311,0.073,0.045,0.021,0,0.002,0.082,0.739
2015,11,-0.062,0.006,-0.006,-0.035,-0.048,-0.038,0.206,0.77,1.766,1.341,1.979,1.107,0.571,0.019,0.008,0.142,0.611
2015,12,-1.053,-1.025,-1.42,-1.655,-2.177,-1.972,-2.229,-0.12,1.275,0.901,1.574,1.875,1.627,0.471,0.146,0.375,0.873
2016,1,-5.03,-4.033,-3.128,-3.367,-4.345,-5.772,-8.323,-4.844,-5.571,-1.493,-1.7,-0.348,0.722,0.215,0.221,0.442,0.858
2016,2,-1.818,-1.755,-1.985,-2.069,-2.241,-1.567,-2.105,0.281,0.759,0.686,2.276,2.884,2.278,0.91,0.474,0.595,0.926
2016,3,-1.694,-2.211,-2.329,-3.393,-3.714,-3.296,-2.775,0.73,2.094,2.883,2.948,4.437,5.091,2.348,0.358,0.842,2.49
2016,4,0.043,0.082,0.405,-0.209,1.637,4.222,3.873,8.872,13.095,11.897,10.087,13.522,11.416,7.229,3.244,1.339,2.469
2016,5,1.866,1.563,3.664,5.72,9.166,16.95,20.675,23.379,19.51,13.788,5.361,8.009,6.247,4.233,1.205,1.209,2.135
2016,6,3.008,2.534,2.859,4.241,6.42,10.955,10.528,21.131,19.4,15.792,10.508,10.138,8.295,8.108,2.24,0.997,1.174
2016,7,1.784,1.33,2.387,4.033,7.965,17.314,23.526,26.645,20.05,15.477,7.956,8.12,5.519,2.627,0.805,0.414,0.658
2016,8,2.654,0.827,1.611,5.064,7.951,15.014,16.543,10.36,8.25,3.982,2.548,2.942,2.135,0.89,0.112,0.158,0.818
2016,9,0.726,0.713,2.015,3.324,3.276,8.471,9.638,10.732,10.373,4.885,3.532,2.436,1.741,0.322,0.038,0.135,0.739
2016,10,-0.024,-0.02,-0.337,-0.612,-1.472,-1.087,-1.476,0.183,1.013,0.33,1.126,1.251,1.241,0.284,0.026,0.191,0.861
2016,11,0,0,0,-0.002,0.003,-0.05,-0.125,-0.06,0.007,0.279,0.663,1.042,0.996,0.229,0.025,0.167,0.424
2016,12,-0.572,0.062,-0.126,0.239,0.134,0.874,0.903,2.356,3.118,1.971,3.953,3.263,2.206,0.532,0.226,0.45,0.657
2017,1,-6.221,-1.958,-3.904,-1.599,-2.08,-3.708,-4.085,0.128,-0.16,-0.285,-0.972,0.384,1.005,0.455,0.248,0.37,0.685
2017,2,-1.326,-2.67,-1.018,-2.811,-1.299,-5.401,-3.794,-1.727,-1.422,0.645,-1.263,0.53,2.15,1.065,0.637,1.002,1.998
2017,3,-3.609,-2.794,-4.663,-3.82,-4.394,-1.945,-2.597,1.66,3.607,3.923,4.604,7.425,7.451,3.465,0.98,1.134,2.01
2017,4,-1.831,-1.668,-2.735,-2.077,-0.685,-0.47,0.051,7.284,8.559,8.157,7.017,11.015,11.675,9.74,2.852,2.156,4.948
2017,5,1.56,0.911,3.911,3.919,8.629,15.811,17.726,29.545,30.684,25,17.217,17.98,15.358,9.801,3.138,1.369,2.237
2017,6,1.965,1.899,3.119,4.416,8.018,15.387,10.237,18.116,20.73,15.916,11.665,14.985,11.423,7.675,3.415,1.169,2.088
2017,7,3.098,1.342,1.975,7.81,10.673,21.464,20.43,26.437,24.207,13.538,9.757,8.684,5.474,2.656,0.476,0.469,0.792
2017,8,2.15,1.109,3.799,4.374,7.269,12.377,11.446,13.155,8.977,2.456,5.055,3.545,2.107,1.191,0.308,0.241,0.79
2017,9,1.444,1.235,1.486,0.397,2.566,5.276,6.045,4.558,6.09,-0.752,0.361,1.686,1.137,0.607,0.112,0.226,0.871
2017,10,0.301,0.325,0.583,1.387,1.744,4.686,4.989,10.242,10.005,6.56,3.793,3.125,1.644,0.275,0.01,0.103,0.518
2017,11,-0.939,-0.756,-1.349,-1.685,-2.054,-3.341,-3.137,-0.791,-0.466,0.154,0.072,0.588,0.553,0.115,0.027,0.221,0.578
2017,12,-0.213,0.257,-0.187,-0.036,0.415,1.353,1.458,3.035,3.236,2.071,2.166,1.679,1.124,-0.019,0.039,0.129,0.125
2018,1,-3.667,-2.572,-3.014,-1.655,-2.801,-2.316,-2.003,-1.304,-0.251,0.458,0.572,1.466,1.643,0.804,0.21,0.393,0.758
2018,2,3.753,0.861,1.912,0.375,6.238,9.877,12.505,15.83,17.288,12.977,10.367,7.705,6.282,1.911,0.591,0.434,0.668
2018,3,-0.204,-4.905,-0.974,-0.648,1.261,1.213,0.921,2.798,2.576,0.235,0.333,2.09,1.751,2.557,1.073,1.248,2.502
2018,4,0.233,-2.009,-1.471,-1.557,0.259,1.851,3.896,7.421,11.541,9.34,6.526,9.41,10.783,11.26,2.623,2.386,4.755
2018,5,1.98,0.995,3.672,4.533,10.441,20.616,20.162,27.972,29.461,19.525,13.016,17.212,14.908,9.829,2.701,1.796,3.691
2018,6,0.381,0.896,1.119,1.741,6.593,18.588,18.507,30.202,33.899,24.909,18.374,22.643,16.756,7.352,0.911,0.619,1.907
2018,7,4.073,2.014,3.394,5.817,13.384,22.063,25.111,22.898,17.698,8.057,5.462,6.713,3.575,2.906,1.104,0.381,0.514
2018,8,2.915,1.134,2.248,3.479,5.807,9.23,9.34,14.646,15.679,7.778,5.185,5.471,2.418,0.854,0.08,0.145,0.709
2018,9,0.252,0.439,1.2,2.221,1.174,8.432,9.102,12.205,13.525,8.627,5.195,4.51,2.347,0.375,0.009,0.163,0.866
2018,10,0.107,0.303,0.348,0.598,2.17,3.29,4.658,4.418,4.326,3.94,1.588,1.596,0.6,0.065,0.008,0.08,0.287
2018,11,-0.245,-0.141,-0.31,-0.51,0.208,1.331,2.077,4.448,5.091,1.526,1.245,0.685,0.179,0.009,0.008,0.074,0.302
2018,12,-2.446,-2.185,-2.896,-1.958,-1.479,-0.811,-0.231,1.376,2.228,2.064,2.201,2.075,1.864,0.527,0.106,0.282,0.716
2019,1,-2.575,-1.985,-1.953,-1.789,-3.253,-4.016,-5.852,-2.924,-4.101,-1.952,-2.422,-0.734,-0.329,-0.022,0.137,0.27,0.502
2019,2,1.892,0.313,0.564,0.044,1.319,0.764,0.807,2.698,4.299,2.285,0.802,3.03,3.287,1.873,0.824,0.732,1.034
2019,3,-1.141,0.398,-0.124,-0.877,-0.419,0.499,-0.771,1.896,2.753,2.017,2.459,4.35,4.363,3.248,1.27,1.19,2.677
2019,4,-0.124,-0.206,0.378,0.941,6.354,13.982,13.746,24.324,20.871,12.911,9.829,11.248,8.825,5.17,1.091,0.942,2.168
2019,5,3.742,2.421,2.811,6.034,10.101,19.137,10.745,13.901,17.315,10.946,5.25,7.539,6.845,4.732,1.223,0.985,2.134
2019,6,3.473,3.495,5.887,11.673,20,31.58,34.645,43.998,39.943,16.905,9.53,9.716,5.808,2.585,0.549,0.709,1.005
2019,7,1.781,1.069,1.81,3.128,4.681,12.21,15.774,25.436,27.213,16.21,10.202,13.027,7.7,4.001,0.874,0.625,1.259
2019,8,1.988,1.176,1.34,2.407,3.104,4.968,11.05,10.695,11.442,3.503,6.099,7.168,4.607,2.209,0.271,0.447,0.925
2019,9,0.429,0.688,0.233,0.548,1.324,3.952,3.685,8.363,9.937,4.293,2.53,3.511,2.353,0.895,0.199,0.173,0.711
2019,10,0.054,0.093,0.289,0.598,3.634,9.518,8.447,7.783,6.361,4.08,3.718,4.523,3.213,0.351,0.005,0.113,0.51
2019,11,0.168,0.71,1.233,3.814,5.275,4.137,4.726,5.764,6.422,3.933,2.712,1.805,0.886,0.099,0.015,0.065,0.213
2019,12,-3.647,-2.509,-3.52,-3.112,-4.325,-5.715,-6.857,-5.115,-2.968,-3.124,-2.912,-0.176,0.094,0,0.052,0.161,0.433
2020,1,-6.119,-3.587,-9.548,-4.463,-6.191,-1.684,-3.517,0.61,2.827,1.881,3.012,5.265,4.988,1.559,0.276,0.429,0.848
2020,2,1.5,0.02,0.719,1.171,9.14,14.93,20.299,23.609,22.093,15.698,10.199,8.06,4.866,0.949,0.262,0.474,0.775
2020,3,0.994,0.824,1.31,2.158,4.205,8.051,8.038,12.832,11.349,4.962,1.945,1.706,1.449,0.748,0.412,0.496,1.386
2020,4,1.958,3.1,3.272,3.84,7.493,10.447,9.149,12.444,15.231,10.482,9.511,12.914,10.93,4.324,0.712,0.74,2.081
2020,5,-0.388,-0.358,-0.976,-0.496,2.893,5.485,3.455,11.816,16.398,9.021,8.226,11.524,10.186,7.407,1.363,0.777,2.641
2020,6,1.173,0.952,3.171,4.471,10.759,17.749,18.512,26.475,27.05,15.51,12.397,13.62,10.328,3.57,0.815,0.545,1.488
2020,7,2.758,2.183,6.159,6.895,16.015,26.331,21.774,33.425,21.492,9.731,10.41,10.377,5.902,2.035,0.196,0.433,1.379
2020,8,2.053,2.281,3.848,6.656,13.452,23.965,21.202,21.191,16.289,7.413,6.766,8.067,5.231,2.548,0.344,0.347,1.139
2020,9,-0.693,-0.646,-1.958,-1.315,0.481,2.67,-1.153,1.324,4.839,2.113,3.812,5.166,2.48,0.388,0.019,0.127,0.622
2020,10,0.295,0.761,0.74,1.991,3.84,12.968,14.471,12.767,8.4,3.201,2.504,2.104,0.649,0.06,0.004,0.078,0.688
2020,11,-0.331,-0.352,-0.81,-0.731,-0.618,-0.25,1.321,5.213,7.688,4.672,5.507,5.789,5.154,1.122,0.082,0.245,0.626
2020,12,-2.08,-0.793,-2.891,-1.51,-1.151,0.236,0.269,3.476,6.203,4.618,5.466,5.717,4.326,1.21,0.282,0.364,0.503
2021,1,-2.999,-2.102,-4.732,-2.584,-1.807,-4.177,-4.048,3.07,3.997,3.262,6.213,5.795,5.027,2.069,0.73,0.598,1.044
2021,2,1.945,1.504,-0.721,0.715,1.672,5.219,8.174,19.548,22.337,17.981,12.283,12.263,11.306,6.091,1.859,1.915,3.316
