ID;Year;ObservationDate;Observer;Plot;NestNumber;NestContents;EggOrderKnown;TrueOrder;LayingSequence;Length;Width;Size
2009-CC-44B;2009;4/30/2009;CEH;CC;44B;1E;N;TRUE;Egg1;54.6;37.1;2025.66
2009-BH-H2;2009;5/6/2009;CEH;BH;H2;1E;N;TRUE;Egg1;50.15;34.35;1722.6525
2009-DO-B25;2009;6/3/2009;CEH;DO;B25;1E;N;TRUE;Egg1;51.15;35.5;1815.825
2010-CC-30;2010;3/4/2010;KWB;CC;30;1E;N;TRUE;Egg1;52.5;36.2;1900.5
2010-DO-P3+P4L;2010;3/5/2010;NAG;DO;P3+P4L;1E;N;TRUE;Egg1;50;35;1750
2010-LC-200;2010;3/5/2010;NAG;LC;200;1E;N;TRUE;Egg1;52.5;36;1890
2010-CC-39;2010;3/8/2010;NAG;CC;39;1E;N;TRUE;Egg1;53;34;1802
2010-CC-559;2010;3/8/2010;NAG;CC;559;1E;N;TRUE;Egg1;51;34;1734
2010-CC-99;2010;3/8/2010;NAG;CC;99;1E;N;TRUE;Egg1;55;34;1870
2010-BT-1790;2010;3/9/2010;SKT;BT;1790;1E;N;TRUE;Egg1;52;34.5;1794
2010-DO-5;2010;3/10/2010;SKT;DO;5;1E;N;TRUE;Egg1;55;37;2035
2010-CC-36;2010;3/13/2010;NAG;CC;36;1E;N;TRUE;Egg1;55;36;1980
2010-CC-43;2010;3/13/2010;NAG;CC;43;1E;N;TRUE;Egg1;54;35.5;1917
2010-CC-505;2010;3/13/2010;NAG;CC;505;1E;N;TRUE;Egg1;52;34;1768
2010-DO-5;2010;3/14/2010;NAG;DO;5;2E;Y;FALSE;Egg1;55;36;1980
2010-BH-H2;2010;3/17/2010;SLA;BH;H2;1E;N;TRUE;Egg1;51;35;1785
2010-BH-H5;2010;3/17/2010;SLA;BH;H5;1E;N;TRUE;Egg1;55;36;1980
2010-CC-11;2010;3/18/2010;KWB;CC;11;1E;N;TRUE;Egg1;51;34.5;1759.5
2010-CC-155;2010;3/18/2010;KWB;CC;155;1E;N;TRUE;Egg1;51.5;35;1802.5
2010-CC-21;2010;3/18/2010;KWB;CC;21;1E;N;TRUE;Egg1;54;34.5;1863
2010-CC-22;2010;3/18/2010;KWB;CC;22;1E;N;TRUE;Egg1;54.5;37.5;2043.75
2010-CC-29;2010;3/18/2010;KWB;CC;29;1E;N;TRUE;Egg1;51;34.5;1759.5
2010-CC-52;2010;3/18/2010;KWB;CC;52;1E;N;TRUE;Egg1;53;34.5;1828.5
2010-APNC-1301;2010;3/19/2010;DLW;APNC;1301;1E;N;TRUE;Egg1;50.5;35;1767.5
2010-APNC-1304;2010;3/19/2010;DLW;APNC;1304;1E;N;TRUE;Egg1;55;37;2035
2010-APNC-1311;2010;3/19/2010;DLW;APNC;1311;1E;N;TRUE;Egg1;53.5;35.5;1899.25
2010-APNC-1312;2010;3/19/2010;DLW;APNC;1312;1E;N;TRUE;Egg1;53;36;1908
2010-BT-1789;2010;3/19/2010;DLW;BT;1789;1E;N;TRUE;Egg1;52;32;1664
2010-BT-1791;2010;3/19/2010;DLW;BT;1791;1E;N;TRUE;Egg1;52;34;1768
2010-LC-202;2010;3/20/2010;SAA;LC;202;1E;N;TRUE;Egg1;54;36;1944
2010-LC-210;2010;3/20/2010;SAA;LC;210;1E;N;TRUE;Egg1;56;36;2016
2010-LC-218;2010;3/20/2010;SAA;LC;218;1E;N;TRUE;Egg1;53.5;35;1872.5
2010-LC-225;2010;3/20/2010;SAA;LC;225;1E;N;TRUE;Egg1;50;34;1700
2010-LC-229;2010;3/20/2010;SAA;LC;229;1E;N;TRUE;Egg1;53.5;35;1872.5
2010-LC-230;2010;3/20/2010;SAA;LC;230;1E;N;TRUE;Egg1;53;33;1749
2010-LC-231;2010;3/20/2010;SAA;LC;231;1E;N;TRUE;Egg1;52;35.5;1846
2010-WC-1392;2010;3/21/2010;SAA;WC;1392;2E;N;FALSE;Egg1;52.5;33;1732.5
2010-APNC-1068;2010;3/22/2010;SAA;APNC;1068;2E;N;FALSE;Egg1;50.5;31;1565.5
2010-APNC-1307;2010;3/22/2010;SAA;APNC;1307;1E;N;TRUE;Egg1;52.5;37;1942.5
2010-APNC-1310;2010;3/22/2010;SAA;APNC;1310;1E;N;TRUE;Egg1;54;35;1890
2010-APNC-1318;2010;3/22/2010;SAA;APNC;1318;1E;N;TRUE;Egg1;53.1;32.5;1725.75
2010-BT-1785;2010;3/22/2010;SAA;BT;1785;1E;N;TRUE;Egg1;52.7;35.5;1870.85
2010-LC-232;2010;3/22/2010;SAA;LC;232;2E;N;FALSE;Egg1;52;33.5;1742
2010-CC-26;2010;3/23/2010;SAA;CC;26;1E;N;TRUE;Egg1;52.5;37;1942.5
2010-CC-41;2010;3/23/2010;SAA;CC;41;1E;N;TRUE;Egg1;52.5;34.5;1811.25
2010-CC-52;2010;3/23/2010;SAA;CC;52;2E;Y;TRUE;Egg1;53;37.5;1987.5
2010-CC-58;2010;3/23/2010;SAA;CC;58;1E;N;TRUE;Egg1;52;34.5;1794
2010-CC-601;2010;3/23/2010;SAA;CC;601;1E;N;TRUE;Egg1;55.5;36;1998
2010-DO-B14;2010;3/24/2010;NAG;DO;B14;1E;Y;TRUE;Egg1;53;32;1696
2010-CC-2;2010;3/28/2010;NAG;CC;2;1E;N;TRUE;Egg1;54;36;1944
2010-CC-4;2010;3/28/2010;NAG;CC;4;1E;N;TRUE;Egg1;54;34.5;1863
2010-CC-8;2010;3/28/2010;NAG;CC;8;1E;N;TRUE;Egg1;54;35;1890
2010-BT-1786;2010;3/31/2010;SAA;BT;1786;2E;N;FALSE;Egg1;56;35;1960
2010-BT-1787;2010;3/31/2010;SAA;BT;1787;1E;N;TRUE;Egg1;53.5;35;1872.5
2010-BT-1793;2010;3/31/2010;SAA;BT;1793;1E;N;TRUE;Egg1;52;34.3;1783.6
2010-BT-1798;2010;3/31/2010;SAA;BT;1798;1E;N;TRUE;Egg1;51;34.9;1779.9
2010-DO-B15;2010;3/31/2010;SAA;DO;B15;1E;N;TRUE;Egg1;52.7;35;1844.5
2010-DO-B17;2010;3/31/2010;SAA;DO;B17;1E;N;TRUE;Egg1;54.4;34.6;1882.24
2010-APNC-1320;2010;4/2/2010;SKT;APNC;1320;1E;N;TRUE;Egg1;53;36.6;1939.8
2010-APNC-1321;2010;4/2/2010;SKT;APNC;1321;1E;N;TRUE;Egg1;52.5;34.9;1832.25
2010-LC-212;2010;4/2/2010;SAA;LC;212;1E;N;TRUE;Egg1;54.4;37.1;2018.24
2010-LC-213;2010;4/2/2010;SAA;LC;213;1E;N;TRUE;Egg1;51.1;34;1737.4
2010-LC-234;2010;4/2/2010;SAA;LC;234;1E;N;TRUE;Egg1;53.8;35.7;1920.66
2010-LC-235;2010;4/2/2010;SAA;LC;235;1E;N;TRUE;Egg1;49.8;32.8;1633.44
2010-LC-237;2010;4/2/2010;SAA;LC;237;1E;N;TRUE;Egg1;52.5;32.5;1706.25
2010-LC-239;2010;4/2/2010;SAA;LC;239;1E;N;TRUE;Egg1;55.1;35.8;1972.58
2010-LC-241;2010;4/2/2010;SAA;LC;241;1E;N;TRUE;Egg1;55.9;35.9;2006.81
2010-LC-242;2010;4/2/2010;SAA;LC;242;1E;N;TRUE;Egg1;53.8;35;1883
2010-CC-46;2010;4/3/2010;SKT;CC;46;1E;N;TRUE;Egg1;52.3;34.1;1783.43
2010-CC-56;2010;4/3/2010;SKT;CC;56;1E;N;TRUE;Egg1;52;34;1768
2010-CC-562;2010;4/3/2010;SKT;CC;562;1E;N;TRUE;Egg1;48.3;32.5;1569.75
2010-LC-219;2010;4/3/2010;SAA;LC;219;1E;N;TRUE;Egg1;54.1;34;1839.4
2010-WC-1402;2010;4/4/2010;SKT;WC;1402;1E;N;TRUE;Egg1;51.4;31.2;1603.68
2010-WC-1403;2010;4/4/2010;SKT;WC;1403;1E;N;TRUE;Egg1;52.9;37;1957.3
2010-CC-651L;2010;4/6/2010;SKT;CC;651L;2E;N;FALSE;Egg1;51.8;36.5;1890.7
2010-BT-1788;2010;4/7/2010;SKT;BT;1788;1E;N;TRUE;Egg1;53.9;36.5;1967.35
2010-DO-B25;2010;4/7/2010;SKT;DO;B25;1E;N;TRUE;Egg1;54.6;36.1;1971.06
2010-DO-FLAMECAVE;2010;4/7/2010;SKT;DO;FLAMECAVE;1E;N;TRUE;Egg1;55.2;33.5;1849.2
2010-BT-1781;2010;4/14/2010;SAA;BT;1781;1E;N;TRUE;Egg1;52.1;34.5;1797.45
2010-CC-534;2010;4/15/2010;KWB;CC;534;1E;N;TRUE;Egg1;52.8;35.2;1858.56
2010-APNC-1324;2010;4/16/2010;KWB;APNC;1324;2E;N;FALSE;Egg1;52;34.7;1804.4
2010-LC-203;2010;4/16/2010;SAA;LC;203;2E;N;FALSE;Egg1;52.5;34.5;1811.25
2010-LC-240;2010;4/16/2010;SAA;LC;240;2E;N;FALSE;Egg1;54;31.7;1711.8
2010-LC-249;2010;4/16/2010;SAA;LC;249;1E;N;TRUE;Egg1;55;35.5;1952.5
2010-LC-211;2010;4/19/2010;SAA;LC;211;1E;N;TRUE;Egg1;50.4;33.8;1703.52
2010-LC-246;2010;4/19/2010;SAA;LC;246;2E;N;FALSE;Egg1;52.5;32.5;1706.25
2010-DO-B12;2010;4/21/2010;SKT;DO;B12;1E;N;TRUE;Egg1;50.5;31.1;1570.55
2010-CC-26;2010;4/23/2010;SKT;CC;26;1E;N;TRUE;Egg1;55.3;36;1990.8
2010-CC-534;2010;4/23/2010;SKT;CC;534;2E;N;TRUE;Egg1;53.8;31.1;1673.18
2010-DO-B20;2010;4/28/2010;KWB;DO;B20;1E;N;TRUE;Egg1;51.9;35.1;1821.69
2010-CC-36;2010;4/29/2010;KWB;CC;36;1E;N;TRUE;Egg1;55;35.1;1930.5
2010-LC-212;2010;4/30/2010;KWB;LC;212;2E;Y;FALSE;Egg1;54.1;36;1947.6
2010-WC-1393B;2010;5/2/2010;KWB;WC;1393B;2E;N;TRUE;Egg1;48.2;35.5;1711.1
2010-LC-211;2010;5/3/2010;SAA;LC;211;2E;Y;TRUE;Egg1;52;34.3;1783.6
2010-CC-39;2010;5/4/2010;KWB;CC;39;1E;N;TRUE;Egg1;56;35.2;1971.2
2010-CC-11;2010;5/10/2010;SKT;CC;11;1E;N;TRUE;Egg1;51.8;34.8;1802.64
2010-CC-57;2010;5/10/2010;SKT;CC;57;1E;N;TRUE;Egg1;53;31.8;1685.4
2010-CC-602;2010;5/10/2010;SKT;CC;602;1E;N;TRUE;Egg1;55.9;36.7;2051.53
2010-APNC-1304;2010;5/14/2010;SAA;APNC;1304;1E;N;TRUE;Egg1;53.8;37;1990.6
2010-APNC-1313;2010;5/14/2010;SAA;APNC;1313;1E;N;TRUE;Egg1;56;34.5;1932
2010-APNC-1322;2010;5/14/2010;SAA;APNC;1322;1E;N;TRUE;Egg1;52.1;35.6;1854.76
2010-APNC-1323;2010;5/14/2010;SAA;APNC;1323;1E;N;TRUE;Egg1;50.2;36.2;1817.24
2010-APNC-1324;2010;5/14/2010;SAA;APNC;1324;2E;N;FALSE;Egg1;51;36.1;1841.1
2010-LC-224;2010;5/15/2010;KWB;LC;224;1E;N;TRUE;Egg1;53;36;1908
2010-LC-228;2010;5/15/2010;KWB;LC;228;1E;N;TRUE;Egg1;55.2;36;1987.2
2010-LC-244;2010;5/15/2010;KWB;LC;244;1E;N;TRUE;Egg1;52.1;36;1875.6
2010-BT-1791;2010;5/16/2010;SAA;BT;1791;COMMENTS;N;TRUE;Egg1;53.5;36;1926
2010-APNC-1305;2010;5/17/2010;KWB;APNC;1305;1E;N;TRUE;Egg1;53.2;35;1862
2010-APNC-1312;2010;5/17/2010;KWB;APNC;1312;1E;N;TRUE;Egg1;53.5;36;1926
2010-CC-21;2010;5/18/2010;KWB;CC;21;1E;N;TRUE;Egg1;52.8;36.1;1906.08
2010-CC-43;2010;5/18/2010;KWB;CC;43;1E;N;TRUE;Egg1;54.7;36.5;1996.55
2010-DO-B18;2010;5/26/2010;SAA;DO;B18;1E;N;TRUE;Egg1;55.5;34.6;1920.3
2010-BT-1781;2010;5/27/2010;KWB;BT;1781;2E;N;TRUE;Egg1;53;35.6;1886.8
2010-BT-1792;2010;5/27/2010;KWB;BT;1792;2E;N;TRUE;Egg1;53;35.2;1865.6
2010-APNC-1320;2010;5/28/2010;KWB;APNC;1320;1E;N;TRUE;Egg1;51;34.7;1769.7
2010-LC-212;2010;5/28/2010;KWB;LC;212;2E;Y;TRUE;Egg1;52.5;31.5;1653.75
2010-LC-231;2010;5/28/2010;KWB;LC;231;1E;N;TRUE;Egg1;51.1;36;1839.6
2010-BH-H14;2010;6/2/2010;SKT;BH;H14;2E;N;TRUE;Egg1;50;33;1650
2010-DO-4;2010;6/2/2010;SKT;DO;4;1E;N;TRUE;Egg1;52;34.5;1794
2010-BT-1796;2010;6/9/2010;SAA;BT;1796;1E;N;TRUE;Egg1;51.1;33.2;1696.52
2010-BH-H15;2010;6/9/2010;KWB;BH;H15;1E;N;TRUE;Egg1;55.6;34.6;1923.76
2010-CC-A16;2010;6/10/2010;SAA;CC;A16;1E;N;TRUE;Egg1;52.5;35.7;1874.25
2010-CC-44A;2010;6/15/2010;SAA;CC;44A;1E;N;TRUE;Egg1;51.5;35.1;1807.65
2010-CC-57;2010;6/20/2010;SKT;CC;57;1E;N;TRUE;Egg1;52.2;36.7;1915.74
2010-DO-9A;2010;6/23/2010;SAA;DO;9A;2E;N;FALSE;Egg1;54.1;35.1;1898.91
2011-CC-7;2011;4/5/2011;KWB;CC;7;1E;N;TRUE;Egg1;51;37.15;1894.65
2011-CC-11;2011;4/5/2011;KWB;CC;11;1E;N;TRUE;Egg1;55.1;35.5;1956.05
2011-CC-21;2011;4/5/2011;KWB;CC;21;1E;N;TRUE;Egg1;52.55;35.2;1849.76
2011-CC-39;2011;3/31/2011;KWB;CC;39;1E;N;TRUE;Egg1;54.5;35.1;1912.95
2011-DO-B18;2011;4/13/2011;SAA;DO;B18;1E;N;TRUE;Egg1;55.4;37.05;2052.57
2011-DO-B19;2011;4/13/2011;SAA;DO;B19;1E;N;TRUE;Egg1;55;36.1;1985.5
2011-CC-56;2011;4/5/2011;KWB;CC;56;1E;N;TRUE;Egg1;52;34;1768
2011-CC-57;2011;4/5/2011;KWB;CC;57;1E;N;TRUE;Egg1;53.8;32.8;1764.64
2011-CC-20;2011;3/28/2011;AAY;CC;20;1E;N;TRUE;Egg1;57.2;36;2059.2
2011-CC-552;2011;3/28/2011;AAY;CC;552;1E;N;TRUE;Egg1;53.9;34.5;1859.55
2011-CC-8;2011;3/28/2011;AAY;CC;8;1E;N;TRUE;Egg1;54.5;31;1689.5
2011-DO-4;2011;3/30/2011;SAA;DO;4;1E;N;TRUE;Egg1;54.1;36.5;1974.65
2011-DO-B8;2011;3/23/2011;SAA;DO;B8;1E;N;TRUE;Egg1;52.1;34;1771.4
2011-BH-H5;2011;3/23/2011;SAA;BH;H5;1E;N;TRUE;Egg1;55.5;36.2;2009.1
2011-BH-H9;2011;3/23/2011;SAA;BH;H9;1E;N;TRUE;Egg1;52;34.8;1809.6
2011-DO-P3+P4L;2011;3/23/2011;SAA;DO;P3+P4L;1E;Y;TRUE;Egg1;51.5;36;1854
2011-CC-560;2011;3/17/2011;KWB;CC;560;1E;N;TRUE;Egg1;52;34.5;1794
2011-APNC-1312;2011;3/18/2011;SAA;APNC;1312;1E;N;TRUE;Egg1;53.8;36.6;1969.08
2011-APNC-1322;2011;3/18/2011;SAA;APNC;1322;1E;N;TRUE;Egg1;53.7;34.5;1852.65
2011-CC-52;2011;3/22/2011;KWB;CC;52;1E;N;TRUE;Egg1;53.2;35.3;1877.96
2011-CC-601;2011;3/22/2011;KWB;CC;601;1E;N;TRUE;Egg1;56;37;2072
2011-APNC-1310;2011;4/1/2011;CEK;APNC;1310;1E;N;TRUE;Egg1;53;34.5;1828.5
2011-APNC-1313;2011;4/1/2011;CEK;APNC;1313;1E;N;TRUE;Egg1;56.4;35;1974
2011-APNC-1315;2011;4/1/2011;CEK;APNC;1315;1E;N;TRUE;Egg1;55.6;37;2057.2
2011-CC-22;2011;3/22/2011;KWB;CC;22;1E;N;TRUE;Egg1;54;36.4;1965.6
2011-CC-29;2011;3/22/2011;KWB;CC;29;1E;N;TRUE;Egg1;51.7;35.3;1825.01
2011-CC-41;2011;3/22/2011;KWB;CC;41;1E;N;TRUE;Egg1;54;35;1890
2011-APNC-1323;2011;4/1/2011;CEK;APNC;1323;1E;N;TRUE;Egg1;53.25;36.65;1951.6125
2011-CC-602;2011;4/5/2011;KWB;CC;602;1E;N;TRUE;Egg1;57.55;36.95;2126.4725
2011-CC-605;2011;4/5/2011;KWB;CC;605;1E;N;TRUE;Egg1;54;37.2;2008.8
2011-LC-235;2011;4/8/2011;SKT;LC;235;1E;N;TRUE;Egg1;55.75;36.4;2029.3
2011-LC-236;2011;4/8/2011;SKT;LC;236;1E;N;TRUE;Egg1;54.15;31.4;1700.31
2011-LC-256;2011;4/8/2011;SKT;LC;256;1E;N;TRUE;Egg1;55.55;34.15;1897.0325
2011-LC-259;2011;4/8/2011;SKT;LC;259;1E;N;TRUE;Egg1;53.9;35.85;1932.315
2011-LC-260;2011;4/8/2011;SKT;LC;260;2E;N;FALSE;Egg1;54.6;34.85;1902.81
2011-APNC-1322;2011;4/8/2011;SKT;APNC;1322;1E;N;TRUE;Egg1;53.85;35.5;1911.675
2011-APNC-1334;2011;4/1/2011;CEK;APNC;1334;1E;N;TRUE;Egg1;54;36;1944
2011-CC-2;2011;3/31/2011;KWB;CC;2;1E;N;TRUE;Egg1;53.7;35.5;1906.35
2011-CC-26;2011;4/9/2011;SKT;CC;26;2E;N;FALSE;Egg1;55.65;36.4;2025.66
2011-CC-43;2011;4/9/2011;SKT;CC;43;1E;N;TRUE;Egg1;54.45;36.3;1976.535
2011-LC-258;2011;4/1/2011;KWB;LC;258;1E;N;TRUE;Egg1;54.5;36.1;1967.45
2011-CC-30;2011;3/31/2011;KWB;CC;30;1E;Y;TRUE;Egg1;52.1;36.4;1896.44
2011-CC-54;2011;4/14/2011;SAA;CC;54;1E;N;TRUE;Egg1;52.3;33.7;1762.51
2011-CC-573;2011;4/14/2011;SAA;CC;573;1E;N;TRUE;Egg1;54.7;36.9;2018.43
2011-DO-B17;2011;4/6/2011;SAA;DO;B17;1E;N;TRUE;Egg1;54;33.9;1830.6
2011-BH-H15;2011;4/20/2011;SAA;BH;H15;1E;N;TRUE;Egg1;55.4;36.9;2044.26
2011-DO-B10;2011;4/27/2011;CEK;DO;B10;1E;N;TRUE;Egg1;52.8;35.2;1858.56
2011-DO-B13;2011;4/27/2011;CEK;DO;B13;COMMENTS;N;FALSE;Egg1;53.3;35.9;1913.47
2011-APNC-1305;2011;4/29/2011;SKT;APNC;1305;1E;N;TRUE;Egg1;52.6;34.75;1827.85
2011-DO-B25;2011;5/3/2011;CEK;DO;B25;1E;N;TRUE;Egg1;51.5;31.8;1637.7
2011-APNC-1312;2011;5/6/2011;SKT;APNC;1312;1E;N;TRUE;Egg1;53.05;36.45;1933.6725
2011-APNC-1305;2011;5/6/2011;SKT;APNC;1305;1SIN;N;TRUE;Egg1;52.6;34.75;1827.85
2011-APNC-1327;2011;5/6/2011;SKT;APNC;1327;1E;N;TRUE;Egg1;53;37;1961
2011-CC-539;2011;5/8/2011;SKT;CC;539;1E;N;TRUE;Egg1;49.8;35;1743
2011-BH-H20;2011;5/11/2011;KWB;BH;H20;1E;Y;TRUE;Egg1;51.8;35.3;1828.54
2011-CC-22;2011;5/12/2011;SAA;CC;22;1E;Y;TRUE;Egg1;52.7;36.45;1920.915
2011-LC-262;2011;5/13/2011;KWB;LC;262;2E;N;FALSE;Egg1;52.35;35;1832.25
2011-CC-96;2011;5/12/2011;SAA;CC;96;1E;N;TRUE;Egg1;55.45;35.75;1982.3375
2011-CC-534;2011;5/17/2011;KWB;CC;534;1E;N;TRUE;Egg1;50.1;35.1;1758.51
2011-CC-601;2011;5/17/2011;KWB;CC;601;1E;N;TRUE;Egg1;55.35;35.85;1984.2975
2011-CC-602;2011;5/17/2011;KWB;CC;602;COMMENTS;N;TRUE;Egg1;57.5;37;2127.5
2011-DO-B20;2011;5/18/2011;LAH;DO;B20;1E;N;TRUE;Egg1;52.8;31;1636.8
2011-CC-602;2011;5/22/2011;LAH;CC;602;1E;N;TRUE;Egg1;57.3;36.8;2108.64
2011-BH-H6;2011;5/25/2011;SAA;BH;H6;2E;N;FALSE;Egg1;52;32.6;1695.2
2011-CC-52;2011;5/26/2011;KWB;CC;52;1E;N;TRUE;Egg1;54.5;35.2;1918.4
2011-APNC-1323;2011;5/28/2011;SAA;APNC;1323;1E;N;TRUE;Egg1;51;31.15;1588.65
2011-DO-B17;2011;6/8/2011;KWB;DO;B17;1E;N;TRUE;Egg1;52;35.5;1846
2011-BH-H18;2011;6/8/2011;AAY;BH;H18;2E;N;TRUE;Egg1;55.95;36.45;2039.3775
2011-APNC-1304;2011;6/10/2011;KWB;APNC;1304;1E;N;TRUE;Egg1;53;38.75;2053.75
2011-APNC-1338;2011;6/10/2011;KWB;APNC;1338;2E;N;FALSE;Egg1;60.7;41;2488.7
2011-DO-B12;2011;3/30/2011;SAA;DO;B12;1E;N;TRUE;Egg1;53;37;1961
2011-DO-B15;2011;3/30/2011;SAA;DO;B15;1E;N;TRUE;Egg1;51;35;1785
2011-DO-B16;2011;3/30/2011;SAA;DO;B16;1E;N;TRUE;Egg1;53;35.5;1881.5
2011-DO-B20;2011;3/30/2011;SAA;DO;B20;1E;N;TRUE;Egg1;52.3;35.5;1856.65
2011-BH-H16;2011;3/30/2011;SAA;BH;H16;2E;N;FALSE;Egg1;52.5;36.6;1921.5
2011-BH-H6;2011;3/30/2011;SAA;BH;H6;0;N;TRUE;Egg1;57.3;36.7;2102.91
2011-LC-247;2011;3/27/2011;MEJ;LC;247;1E;N;TRUE;Egg1;54;30;1620
2011-CC-36;2011;3/28/2011;AAY;CC;36;1E;N;TRUE;Egg1;55.4;36.8;2038.72
2011-CC-505;2011;3/28/2011;AAY;CC;505;1E;Y;TRUE;Egg1;54.8;35.8;1961.84
2011-DO-FLAMECAVE;2011;3/15/2011;SAA;DO;FLAMECAVE;1E;N;TRUE;Egg1;57.8;33.1;1913.18
2011-DO-5;2011;3/23/2011;SAA;DO;5;1E;N;TRUE;Egg1;56;31.5;1764
2011-DO-B25;2011;3/23/2011;SAA;DO;B25;1E;N;TRUE;Egg1;53.8;35.9;1931.42
2012-LC-247;2012;3/2/2012;REW;LC;247;COMMENTS;N;TRUE;Egg1;54.3;35.8;1943.94
2012-CC-534;2012;3/6/2012;REW;CC;534;2E;N;FALSE;Egg1;55.3;36.8;2035.04
2012-CC-39;2012;3/11/2012;AAY;CC;39;1E;N;TRUE;Egg1;57;34;1938
2012-DO-B12;2012;3/14/2012;SAA;DO;B12;1E;N;TRUE;Egg1;55.3;35.8;1979.74
2012-DO-B15;2012;3/14/2012;SAA;DO;B15;0;N;TRUE;Egg1;50.6;36.2;1831.72
2012-DO-B19;2012;3/14/2012;SAA;DO;B19;1E;N;TRUE;Egg1;55.8;35.65;1989.27
2012-DO-P3+P4L;2012;3/14/2012;SAA;DO;P3+P4L;1E;N;TRUE;Egg1;53;36.3;1923.9
2012-CC-30;2012;3/15/2012;SAA;CC;30;1E;N;TRUE;Egg1;52.4;37;1938.8
2012-CC-552;2012;3/15/2012;SAA;CC;552;1E;N;TRUE;Egg1;53.2;36.1;1920.52
2012-CC-559;2012;3/15/2012;SAA;CC;559;1E;N;TRUE;Egg1;52;34.5;1794
2012-APNC-1321;2012;3/16/2012;REW;APNC;1321;1E;N;TRUE;Egg1;50.15;36.25;1817.9375
2012-DO-5;2012;3/16/2012;REW;DO;5;1E;Y;TRUE;Egg1;55.15;34.95;1927.4925
2012-LC-210;2012;3/17/2012;SAA;LC;210;1E;N;TRUE;Egg1;57;36;2052
2012-LC-218;2012;3/17/2012;SAA;LC;218;1E;Y;TRUE;Egg1;54.25;36.4;1974.7
2012-LC-250;2012;3/17/2012;SAA;LC;250;1E;N;TRUE;Egg1;54;35.2;1900.8
2012-CC-29;2012;3/20/2012;SAA;CC;29;1E;N;TRUE;Egg1;52.2;36;1879.2
2012-CC-651L;2012;3/20/2012;SAA;CC;651L;1E;Y;TRUE;Egg1;53.35;32.3;1723.205
2012-DO-B10;2012;3/21/2012;AAY;DO;B10;1E;Y;TRUE;Egg1;52.3;35.3;1846.19
2012-DO-B13;2012;3/21/2012;AAY;DO;B13;1E;Y;TRUE;Egg1;57.8;36;2080.8
2012-DO-B20;2012;3/21/2012;AAY;DO;B20;1E;Y;TRUE;Egg1;53.1;35.2;1869.12
2012-LC-207;2012;3/23/2012;AAY;LC;207;1E;N;TRUE;Egg1;55.8;35.3;1969.74
2012-LC-215;2012;3/23/2012;AAY;LC;215;1E;Y;TRUE;Egg1;55.2;36;1987.2
2012-LC-223;2012;3/23/2012;AAY;LC;223;1E;Y;TRUE;Egg1;51.5;34.5;1776.75
2012-LC-235;2012;3/23/2012;AAY;LC;235;1E;Y;TRUE;Egg1;52.9;34.7;1835.63
2012-LC-236;2012;3/23/2012;AAY;LC;236;1E;Y;TRUE;Egg1;52;35.7;1856.4
2012-LC-238;2012;3/23/2012;AAY;LC;238;1E;Y;TRUE;Egg1;51.6;31.3;1615.08
2012-LC-240;2012;3/23/2012;AAY;LC;240;1E;Y;TRUE;Egg1;52.2;36.4;1900.08
2012-LC-252;2012;3/23/2012;AAY;LC;252;1E;Y;TRUE;Egg1;54.9;36.8;2020.32
2012-BH-H5;2012;3/23/2012;SLA;BH;H5;1E;N;TRUE;Egg1;55.9;35.6;1990.04
2012-CC-155;2012;3/24/2012;AAY;CC;155;1E;Y;TRUE;Egg1;53.2;36;1915.2
2012-CC-2;2012;3/24/2012;AAY;CC;2;1E;Y;TRUE;Egg1;55;36.9;2029.5
2012-CC-41;2012;3/24/2012;AAY;CC;41;1E;Y;TRUE;Egg1;52.7;33.7;1775.99
2012-CC-52;2012;3/24/2012;AAY;CC;52;1E;Y;TRUE;Egg1;55.8;34.4;1919.52
2012-CC-651R;2012;3/24/2012;AAY;CC;651R;1E;Y;TRUE;Egg1;51.3;34;1744.2
2012-DO-B25;2012;3/28/2012;KMR;DO;B25;1E;Y;TRUE;Egg1;51.4;35;1799
2012-DO-FLAMECAVE;2012;3/28/2012;KMR;DO;FLAMECAVE;1E;Y;TRUE;Egg1;52.3;33.8;1767.74
2012-DO-P3+P4R;2012;3/28/2012;KMR;DO;P3+P4R;1E;Y;TRUE;Egg1;53.2;38.4;2042.88
2012-CC-22;2012;3/30/2012;KMR;CC;22;1E;Y;TRUE;Egg1;54;32.2;1738.8
2012-CC-29;2012;3/30/2012;KMR;CC;29;1E;Y;TRUE;Egg1;51.1;31.3;1599.43
2012-CC-35;2012;3/30/2012;KMR;CC;35;1E;Y;TRUE;Egg1;54.8;35.8;1961.84
2012-CC-41;2012;3/30/2012;KMR;CC;41;1E;N;TRUE;Egg1;54.9;35.1;1926.99
2012-CC-505;2012;3/30/2012;KMR;CC;505;1E;N;TRUE;Egg1;53.2;35.1;1867.32
2012-CC-54;2012;3/30/2012;KMR;CC;54;1E;Y;TRUE;Egg1;54.6;34.1;1861.86
2012-CC-58;2012;3/30/2012;KMR;CC;58;1E;Y;TRUE;Egg1;55;36.8;2024
2012-CC-605;2012;3/30/2012;KMR;CC;605;1E;Y;TRUE;Egg1;56.8;36.8;2090.24
2012-LC-208;2012;3/31/2012;REW;LC;208;1E;N;TRUE;Egg1;55.4;35.5;1966.7
2012-LC-219;2012;3/31/2012;REW;LC;219;1E;N;TRUE;Egg1;54.6;34;1856.4
2012-LC-229;2012;3/31/2012;REW;LC;229;1E;N;TRUE;Egg1;55.95;35.7;1997.415
2012-LC-233;2012;3/31/2012;REW;LC;233;2E;N;FALSE;Egg1;51.2;34.6;1771.52
2012-LC-249;2012;3/31/2012;REW;LC;249;1E;N;TRUE;Egg1;55.1;35.2;1939.52
2012-LC-266;2012;3/31/2012;REW;LC;266;1E;N;TRUE;Egg1;50.8;31.3;1590.04
2012-LC-267;2012;3/31/2012;REW;LC;267;1E;N;FALSE;Egg1;54.1;35.5;1920.55
2012-CC-11;2012;4/3/2012;KMR;CC;11;1E;Y;TRUE;Egg1;55.5;35;1942.5
2012-CC-57;2012;4/3/2012;KMR;CC;57;1E;N;TRUE;Egg1;53.1;36.4;1932.84
2012-DO-4;2012;4/4/2012;KMR;DO;4;1E;N;TRUE;Egg1;52.8;36.8;1943.04
2012-DO-B10;2012;4/4/2012;KMR;DO;B10;1E;N;TRUE;Egg1;52.2;36.4;1900.08
2012-DO-B24;2012;4/4/2012;KMR;DO;B24;1E;N;TRUE;Egg1;49.4;30;1482
2012-BH-H19;2012;4/4/2012;SLA;BH;H19;1E;N;TRUE;Egg1;50.4;33.8;1703.52
2012-LC-206;2012;4/5/2012;SLA;LC;206;1E;Y;TRUE;Egg1;51.9;34.3;1780.17
2012-LC-257;2012;4/5/2012;SLA;LC;257;1E;Y;TRUE;Egg1;54.9;35;1921.5
2012-LC-264;2012;4/5/2012;SLA;LC;264;2E;N;FALSE;Egg1;54.5;34.3;1869.35
2012-LC-268;2012;4/5/2012;SLA;LC;268;1E;Y;TRUE;Egg1;56.8;35.1;1993.68
2012-CC-58;2012;4/7/2012;SLA;CC;58;1E;N;TRUE;Egg1;51.9;34.9;1811.31
2012-CC-605;2012;4/7/2012;SLA;CC;605;1E;Y;TRUE;Egg1;53.1;35.9;1906.29
2012-CC-8;2012;4/7/2012;SLA;CC;8;1E;Y;TRUE;Egg1;54.1;35;1893.5
2012-CC-96;2012;4/7/2012;SLA;CC;96;2E;N;TRUE;Egg1;54.1;35;1893.5
2012-DO-B18;2012;4/11/2012;CAC;DO;B18;1E;Y;TRUE;Egg1;55.45;36.8;2040.56
2012-LC-223;2012;4/14/2012;CAC;LC;223;1E;Y;TRUE;Egg1;55.9;36.6;2045.94
2012-LC-269;2012;4/14/2012;CAC;LC;269;1E;Y;TRUE;Egg1;52;34;1768
2012-LC-270;2012;4/14/2012;CAC;LC;270;1E;Y;TRUE;Egg1;50.3;33.55;1687.565
2012-LC-272;2012;4/20/2012;SKT;LC;272;1E;N;TRUE;Egg1;50.2;35.8;1797.16
2012-LC-273;2012;4/20/2012;SKT;LC;273;1E;N;TRUE;Egg1;59.9;33.4;2000.66
2012-APNC-1301;2012;4/23/2012;SKT;APNC;1301;2E;N;TRUE;Egg1;53.45;35.44;1894.268
2012-LC-275;2012;4/27/2012;KMR;LC;275;2E;N;FALSE;Egg1;48.4;32.95;1594.78
2012-DO-B16;2012;5/2/2012;SKT;DO;B16;1E;N;TRUE;Egg1;50.5;35;1767.5
2012-LC-234;2012;5/4/2012;SKT;LC;234;1E;N;TRUE;Egg1;52.7;33.9;1786.53
2012-CC-534;2012;5/5/2012;SKT;CC;534;1E;N;TRUE;Egg1;49.8;34.5;1718.1
2012-LC-259;2012;5/11/2012;CAC;LC;259;1E;N;TRUE;Egg1;51.9;33.3;1728.27
2012-CC-651L;2012;5/15/2012;SKT;CC;651L;1E;Y;TRUE;Egg1;52.9;36.6;1936.14
2012-DO-4;2012;5/16/2012;SKT;DO;4;1E;N;TRUE;Egg1;51.7;35.2;1819.84
2012-DO-B20;2012;5/16/2012;SKT;DO;B20;1E;N;TRUE;Egg1;52.2;34.9;1821.78
2012-LC-225;2012;5/18/2012;SKT;LC;225;2E;Y;TRUE;Egg1;52.7;35;1844.5
2012-LC-251;2012;5/18/2012;SKT;LC;251;1E;Y;TRUE;Egg1;53.4;35.9;1917.06
2012-LC-254;2012;5/18/2012;SKT;LC;254;1E;Y;TRUE;Egg1;52.2;34.5;1800.9
2012-CC-52;2012;5/19/2012;SKT;CC;52;1E;Y;TRUE;Egg1;51.5;36.7;1890.05
2012-CC-608;2012;5/19/2012;SKT;CC;608;1E;Y;TRUE;Egg1;51.8;35.3;1828.54
2012-CC-651R;2012;5/19/2012;SKT;CC;651R;1E;Y;TRUE;Egg1;51.2;35;1792
2012-CC-2;2012;5/24/2012;REW;CC;2;1E;N;TRUE;Egg1;54.9;36.1;1981.89
2012-LC-223;2012;5/25/2012;REW;LC;223;1E;N;TRUE;Egg1;52.2;35.8;1868.76
2012-LC-229;2012;5/25/2012;REW;LC;229;1E;N;TRUE;Egg1;53.4;35.7;1906.38
2012-LC-231;2012;5/25/2012;REW;LC;231;1E;N;TRUE;Egg1;50.4;34.8;1753.92
2012-LC-238;2012;5/25/2012;REW;LC;238;1E;N;TRUE;Egg1;51.8;34.6;1792.28
2012-LC-248;2012;5/25/2012;REW;LC;248;1E;N;TRUE;Egg1;52.4;36;1886.4
2012-LC-250;2012;5/25/2012;REW;LC;250;1E;N;TRUE;Egg1;51.5;34.2;1761.3
2012-LC-253;2012;5/25/2012;REW;LC;253;1E;N;TRUE;Egg1;53.4;35.5;1895.7
2012-LC-276;2012;5/25/2012;REW;LC;276;1E;N;TRUE;Egg1;53.75;36.5;1961.875
2012-LC-277;2012;5/25/2012;REW;LC;277;COMMENTS;N;TRUE;Egg1;51;36.1;1841.1
2012-LC-279;2012;5/25/2012;REW;LC;279;1E;N;TRUE;Egg1;51;35.8;1825.8
2012-DO-P4+P5;2012;5/30/2012;SKT;DO;P4+P5;1E;N;TRUE;Egg1;52.5;35.3;1853.25
2012-LC-240;2012;6/1/2012;KMR;LC;240;1E;N;TRUE;Egg1;52.2;36.5;1905.3
2012-LC-244;2012;6/1/2012;KMR;LC;244;1E;N;TRUE;Egg1;52.5;35.7;1874.25
2012-LC-226;2012;6/22/2012;SKT;LC;226;1E;N;TRUE;Egg1;53;34.8;1844.4
2013-LC-206;2013;3/1/2013;SJK;LC;206;1E;Y;TRUE;Egg1;52.2;35;1827
2013-LC-257;2013;3/1/2013;SJK;LC;257;1E;N;TRUE;Egg1;56.6;35.3;1997.98
2013-BH-H17;2013;2/27/2013;SJK;BH;H17;1E;Y;TRUE;Egg1;52.2;35.6;1858.32
2013-DO-B10;2013;2/27/2013;SJK;DO;B10;1E;N;TRUE;Egg1;52.9;35.2;1862.08
2013-DO-B15;2013;2/27/2013;SJK;DO;B15;1E;N;TRUE;Egg1;51.5;36;1854
2013-DO-B18;2013;2/27/2013;SJK;DO;B18;1E;Y;TRUE;Egg1;54.1;35.2;1904.32
2013-DO-B19;2013;2/27/2013;SJK;DO;B19;1E;Y;TRUE;Egg1;56.7;37.2;2109.24
2013-DO-FLAMECAVE;2013;2/27/2013;SJK;DO;FLAMECAVE;1E;Y;TRUE;Egg1;53.5;34;1819
2013-DO-P4+P5;2013;2/27/2013;SJK;DO;P4+P5;1E;N;TRUE;Egg1;53.7;36;1933.2
2013-CC-505;2013;2/28/2013;REW;CC;505;2E;N;FALSE;Egg1;53.4;36;1922.4
2013-CC-601;2013;3/5/2013;RER;CC;601;1E;Y;TRUE;Egg1;55.65;35.7;1986.705
2013-DO-P3+P4R;2013;3/2/2013;SJK;DO;P3+P4R;1E;Y;TRUE;Egg1;53.6;35.4;1897.44
2013-DO-B25;2013;3/6/2013;AAY;DO;B25;1E;Y;TRUE;Egg1;53;36.75;1947.75
2013-DO-B20;2013;3/6/2013;AAY;DO;B20;1E;Y;TRUE;Egg1;51;35.3;1800.3
2013-DO-P1+P2L;2013;3/6/2013;AAY;DO;P1+P2L;2E;N;TRUE;Egg1;53.6;36.3;1945.68
2013-LC-219;2013;3/8/2013;JAH;LC;219;1E;Y;TRUE;Egg1;51.9;34.4;1785.36
2013-LC-208;2013;3/8/2013;JAH;LC;208;2E;N;FALSE;Egg1;56.3;36;2026.8
2013-LC-256;2013;3/8/2013;JAH;LC;256;2E;N;FALSE;Egg1;54.5;35.5;1934.75
2013-LC-267;2013;3/8/2013;JAH;LC;267;COMMENTS;N;TRUE;Egg1;51.6;34;1754.4
2013-LC-254;2013;3/8/2013;JAH;LC;254;1E;Y;TRUE;Egg1;51.5;35.5;1828.25
2013-CC-602;2013;3/10/2013;AAY;CC;602;1E;Y;TRUE;Egg1;57.3;35.9;2057.07
2013-CC-39;2013;3/10/2013;AAY;CC;39;1E;N;TRUE;Egg1;56.2;35.2;1978.24
2013-CC-651L;2013;3/10/2013;AAY;CC;651L;1E;Y;TRUE;Egg1;52.3;37.6;1966.48
2013-CC-155;2013;3/10/2013;AAY;CC;155;1E;Y;TRUE;Egg1;55;37.8;2079
2013-APNC-1305;2013;3/11/2013;JAH;APNC;1305;1E;N;TRUE;Egg1;53.9;36.2;1951.18
2013-APNC-1319;2013;3/11/2013;JAH;APNC;1319;1E;Y;TRUE;Egg1;51.9;34;1764.6
2013-APNC-1340;2013;3/11/2013;JAH;APNC;1340;2E;N;FALSE;Egg1;54;36.5;1971
2013-LC-219;2013;3/12/2013;JAH;LC;219;2E;Y;TRUE;Egg1;56.2;35.4;1989.48
2013-DO-P3+P4L;2013;3/13/2013;CLE;DO;P3+P4L;1E;N;TRUE;Egg1;52.25;35.7;1865.325
2013-LC-215;2013;3/15/2013;RER;LC;215;1E;Y;TRUE;Egg1;53;33.7;1786.1
2013-LC-281;2013;3/15/2013;RER;LC;281;1E;Y;TRUE;Egg1;55.1;34.5;1900.95
2013-LC-241;2013;3/15/2013;RER;LC;241;1E;N;TRUE;Egg1;52.4;36;1886.4
2013-LC-277;2013;3/15/2013;RER;LC;277;1E;Y;TRUE;Egg1;50.4;34.8;1753.92
2013-LC-266;2013;3/15/2013;RER;LC;266;1E;N;TRUE;Egg1;57.8;36.4;2103.92
2013-LC-221;2013;3/15/2013;RER;LC;221;1E;Y;TRUE;Egg1;55.3;34.6;1913.38
2013-LC-234;2013;3/15/2013;RER;LC;234;1E;Y;TRUE;Egg1;52.2;34.95;1824.39
2013-LC-271;2013;3/15/2013;RER;LC;271;1E;N;TRUE;Egg1;54.9;32.4;1778.76
2013-DO-B24;2013;2/21/2013;JAH;DO;B24;1E;N;TRUE;Egg1;53;36;1908
2013-DO-B12;2013;2/21/2013;JAH;DO;B12;1E;N;TRUE;Egg1;57;36;2052
2013-DO-B19;2013;2/21/2013;JAH;DO;B19;1E;N;TRUE;Egg1;56;37;2072
2013-DO-P4+P5;2013;2/21/2013;JAH;DO;P4+P5;1E;N;TRUE;Egg1;54;38;2052
2013-LC-218;2013;3/12/2013;JAH;LC;218;1E;N;TRUE;Egg1;53.6;36;1929.6
2013-CC-605;2013;3/19/2013;RER;CC;605;1E;N;TRUE;Egg1;54.2;37;2005.4
2013-CC-57;2013;3/19/2013;RER;CC;57;1E;N;TRUE;Egg1;54.9;36.5;2003.85
2013-CC-610;2013;3/19/2013;RER;CC;610;2E;N;FALSE;Egg1;52.2;34.9;1821.78
2013-CC-39;2013;3/19/2013;RER;CC;39;1E;N;TRUE;Egg1;55;35.6;1958
2013-DO-B10;2013;3/20/2013;AAY;DO;B10;2E;N;FALSE;Egg1;50;35.5;1775
2013-DO-5;2013;3/20/2013;AAY;DO;5;1E;N;TRUE;Egg1;55.7;36.2;2016.34
2013-DO-B16;2013;3/20/2013;AAY;DO;B16;2E;N;FALSE;Egg1;51.6;33;1702.8
2013-LC-248;2013;3/22/2013;AAY;LC;248;1E;Y;TRUE;Egg1;54.3;36.5;1981.95
2013-LC-280;2013;3/22/2013;AAY;LC;280;2E;N;FALSE;Egg1;54.4;34.5;1876.8
2013-LC-225;2013;3/22/2013;AAY;LC;225;2E;N;FALSE;Egg1;54.2;36.2;1962.04
2013-LC-285;2013;3/22/2013;AAY;LC;285;1E;Y;TRUE;Egg1;52;35.2;1830.4
2013-LC-246;2013;3/22/2013;AAY;LC;246;1E;Y;TRUE;Egg1;52.3;35;1830.5
2013-LC-274;2013;3/22/2013;AAY;LC;274;1E;Y;TRUE;Egg1;54.3;34.9;1895.07
2013-LC-254;2013;3/22/2013;AAY;LC;254;2E;N;FALSE;Egg1;51.7;35;1809.5
2013-CC-2;2013;3/23/2013;EWW;CC;2;1E;Y;TRUE;Egg1;54.7;35.7;1952.79
2013-APNC-1325;2013;3/24/2013;AAY;APNC;1325;2E;N;FALSE;Egg1;57.4;37.2;2135.28
2013-APNC-1318;2013;3/24/2013;AAY;APNC;1318;2E;N;FALSE;Egg1;54.4;35.4;1925.76
2013-LC-269;2013;3/29/2013;RER;LC;269;1E;Y;TRUE;Egg1;51.7;34.3;1773.31
2013-LC-229;2013;3/29/2013;RER;LC;229;1E;N;TRUE;Egg1;53.9;34.4;1854.16
2013-LC-287;2013;3/29/2013;RER;LC;287;1E;N;TRUE;Egg1;50.6;35;1771
2013-CC-614;2013;4/2/2013;RER;CC;614;1E;Y;TRUE;Egg1;50.5;36.5;1843.25
2013-APNC-1312;2013;2/21/2013;JAH;APNC;1312;1E;Y;TRUE;Egg1;51.8;36.2;1875.16
2013-APNC-1313;2013;2/21/2013;JAH;APNC;1313;1E;Y;TRUE;Egg1;56.5;34.5;1949.25
2013-DO-4;2013;4/3/2013;AAY;DO;4;1E;Y;TRUE;Egg1;53.1;35;1858.5
2013-DO-B17;2013;4/3/2013;AAY;DO;B17;1E;N;TRUE;Egg1;53.6;35.9;1924.24
2013-APNC-1341;2013;4/7/2013;JAH;APNC;1341;1E;Y;TRUE;Egg1;55.7;33.8;1882.66
2013-DO-B12;2013;4/10/2013;CLE;DO;B12;1E;N;TRUE;Egg1;54.1;36.4;1969.24
2013-CC-615;2013;4/11/2013;SJK;CC;615;1E;N;TRUE;Egg1;50.9;34.85;1773.865
2013-LC-290;2013;4/12/2013;SJK;LC;290;2E;N;FALSE;Egg1;52.2;33.9;1769.58
2013-LC-210;2013;4/12/2013;SJK;LC;210;2E;N;TRUE;Egg1;57.2;36.6;2093.52
2013-LC-289;2013;4/12/2013;SJK;LC;289;1E;Y;TRUE;Egg1;53.1;36.1;1916.91
2013-APNC-1335;2013;4/21/2013;EWW;APNC;1335;1E;Y;TRUE;Egg1;53;36;1908
2013-DO-B13;2013;4/24/2013;CLE;DO;B13;1E;N;TRUE;Egg1;53;36;1908
2013-LC-200;2013;4/26/2013;CLE;LC;200;1E;N;TRUE;Egg1;56.05;34.9;1956.145
2013-DO-B25;2013;5/1/2013;AAY;DO;B25;COMMENTS;N;TRUE;Egg1;52.1;34.65;1805.265
2013-DO-P3+P4R;2013;5/8/2013;RER;DO;P3+P4R;1E;N;TRUE;Egg1;50.65;35.5;1798.075
2013-LC-226;2013;5/10/2013;CLE;LC;226;2E;N;TRUE;Egg1;52.65;34.5;1816.425
2013-LC-286;2013;5/10/2013;CLE;LC;286;1E;N;TRUE;Egg1;49.9;35.05;1748.995
2013-ESC-2;2013;5/11/2013;RER;ESC;2;1E;N;TRUE;Egg1;51.85;35.9;1861.415
2013-CC-49;2013;5/14/2013;CLE;CC;49;1E;N;TRUE;Egg1;52.1;35.3;1839.13
2013-APNC-1312;2013;5/19/2013;JAH;APNC;1312;2E;N;FALSE;Egg1;51.4;36.3;1865.82
2013-APNC-1334;2013;5/19/2013;JAH;APNC;1334;1E;N;TRUE;Egg1;52.4;36.1;1891.64
2013-LC-218;2013;5/31/2013;JAH;LC;218;1E;Y;TRUE;Egg1;53;35.3;1870.9
2014-APNC-1334;2014;2/27/2014;JAH;APNC;1334;1E;NA;TRUE;Egg1;52.3;35.5;1856.65
2014-APNC-1323;2014;2/27/2014;JAH;APNC;1323;1E;NA;TRUE;Egg1;51;34.1;1739.1
2014-CC-617;2014;3/2/2014;JAH;CC;617;1E;NA;TRUE;Egg1;52.8;33.9;1789.92
2014-CC-36;2014;3/2/2014;JAH;CC;36;1E;NA;TRUE;Egg1;54.1;35.7;1931.37
2014-LC-256;2014;3/4/2014;JAH;LC;256;1E;NA;TRUE;Egg1;53.6;34.5;1849.2
2014-LC-200;2014;3/4/2014;JAH;LC;200;1E;NA;TRUE;Egg1;52.6;35.7;1877.82
2014-LC-225;2014;3/4/2014;JAH;LC;225;1E;NA;TRUE;Egg1;49.3;34.2;1686.06
2014-DO-P3+P4L;2014;3/5/2014;CAC;DO;P3+P4L;0;NA;TRUE;Egg1;52;36;1872
2014-DO-B17;2014;3/5/2014;CAC;DO;B17;1E;NA;TRUE;Egg1;54;35;1890
2014-DO-B14;2014;3/5/2014;CAC;DO;B14;1E;NA;TRUE;Egg1;52.7;36;1897.2
2014-DO-B12;2014;3/5/2014;CAC;DO;B12;1E;NA;TRUE;Egg1;55;30;1650
2014-DO-B8;2014;3/5/2014;CAC;DO;B8;1E;NA;TRUE;Egg1;52;35;1820
2014-APNC-1313;2014;3/7/2014;CAC;APNC;1313;1E;NA;TRUE;Egg1;56.85;34.9;1984.065
2014-APNC-1312;2014;3/7/2014;CAC;APNC;1312;2E;NA;TRUE;Egg1;52.4;35;1834
2014-CC-39;2014;3/9/2014;CAC;CC;39;1E;NA;TRUE;Egg1;54;33.7;1819.8
2014-CC-45;2014;3/9/2014;CAC;CC;45;1E;NA;TRUE;Egg1;56.3;35.3;1987.39
2014-LC-215;2014;3/11/2014;CAC;LC;215;1E;NA;TRUE;Egg1;54.2;36.1;1956.62
2014-DO-P1+P2;2014;3/12/2014;JAH;DO;P1+P2;1E;NA;TRUE;Egg1;51.8;35.1;1818.18
2014-DO-B15;2014;3/12/2014;JAH;DO;B15;1E;NA;TRUE;Egg1;51.3;36.8;1887.84
2014-DO-B24;2014;3/12/2014;JAH;DO;B24;1E;NA;TRUE;Egg1;51.4;35.3;1814.42
2014-DO-B25;2014;3/12/2014;JAH;DO;B25;1E;NA;TRUE;Egg1;52.3;36.1;1888.03
2014-DO-4;2014;3/12/2014;JAH;DO;4;1E;NA;TRUE;Egg1;53.3;35;1865.5
2014-DO-FLAMECAVE;2014;3/12/2014;JAH;DO;FLAMECAVE;1E;NA;TRUE;Egg1;54.25;33.7;1828.225
2014-LC-274;2014;3/12/2014;JAH;LC;274;1E;NA;TRUE;Egg1;54.6;36.2;1976.52
2014-LC-269;2014;3/12/2014;JAH;LC;269;1E;NA;TRUE;Egg1;52.9;36.2;1914.98
2014-APNC-1335;2014;3/14/2014;SMC;APNC;1335;1E;NA;TRUE;Egg1;53.3;35.2;1876.16
2014-APNC-1305;2014;3/14/2014;SMC;APNC;1305;1E;NA;TRUE;Egg1;55.2;38.1;2103.12
2014-APNC-1324;2014;3/14/2014;SMC;APNC;1324;2E;NA;FALSE;Egg1;52.4;33.8;1771.12
2014-APNC-1325;2014;3/14/2014;SMC;APNC;1325;1E;NA;TRUE;Egg1;53;36.6;1939.8
2014-CC-615;2014;3/16/2014;JAH;CC;615;1E;NA;TRUE;Egg1;54.4;35.8;1947.52
2014-CC-616;2014;3/16/2014;JAH;CC;616;1E;NA;TRUE;Egg1;55;35.2;1936
2014-CC-651;2014;3/16/2014;JAH;CC;651;1E;NA;TRUE;Egg1;50.2;35;1757
2014-CC-41;2014;3/16/2014;JAH;CC;41;1E;NA;TRUE;Egg1;56;36.2;2027.2
2014-CC-608;2014;3/16/2014;JAH;CC;608;1E;NA;TRUE;Egg1;53.6;35.3;1892.08
2014-CC-52;2014;3/16/2014;JAH;CC;52;2E;NA;FALSE;Egg1;54;36.6;1976.4
2014-CC-57;2014;3/16/2014;JAH;CC;57;1E;NA;TRUE;Egg1;54;36.6;1976.4
2014-CC-601;2014;3/16/2014;JAH;CC;601;1E;NA;TRUE;Egg1;55.5;35.8;1986.9
2014-CC-505;2014;3/16/2014;JAH;CC;505;1E;NA;TRUE;Egg1;54.4;30.9;1680.96
2014-LC-292;2014;3/18/2014;SMC;LC;292;2E;NA;FALSE;Egg1;54;34.5;1863
2014-LC-221;2014;3/18/2014;SMC;LC;221;1E;NA;TRUE;Egg1;54.6;35.2;1921.92
2014-LC-225;2014;3/18/2014;SMC;LC;225;1E;NA;TRUE;Egg1;51.3;35.2;1805.76
2014-LC-280;2014;3/18/2014;SMC;LC;280;1E;NA;TRUE;Egg1;52.8;35.2;1858.56
2014-LC-293;2014;3/18/2014;SMC;LC;293;1E;NA;TRUE;Egg1;55.2;36.1;1992.72
2014-LC-249;2014;3/18/2014;SMC;LC;249;1E;NA;TRUE;Egg1;54.4;36.6;1991.04
2014-LC-248;2014;3/18/2014;SMC;LC;248;1E;NA;TRUE;Egg1;54.3;36.7;1992.81
2014-LC-208;2014;3/18/2014;SMC;LC;208;1E;NA;TRUE;Egg1;55.6;35.8;1990.48
2014-LC-287;2014;3/18/2014;SMC;LC;287;1E;NA;TRUE;Egg1;53.1;36.9;1959.39
2014-LC-206;2014;3/18/2014;SMC;LC;206;1E;NA;TRUE;Egg1;52.3;35.2;1840.96
2014-DO-P1+P2;2014;3/19/2014;SFC;DO;P1+P2;2E;NA;TRUE;Egg1;57.1;36;2055.6
2014-DO-B20;2014;3/19/2014;SFC;DO;B20;1E;NA;TRUE;Egg1;52.8;31.5;1663.2
2014-DO-5;2014;3/19/2014;SFC;DO;5;1E;NA;TRUE;Egg1;54.8;35.9;1967.32
2014-DO-B13;2014;3/19/2014;SFC;DO;B13;1E;NA;TRUE;Egg1;54.3;36.9;2003.67
2014-DO-B8;2014;3/19/2014;SFC;DO;B8;1E;NA;TRUE;Egg1;51.1;34.7;1773.17
2014-CC-40;2014;3/23/2014;EWW;CC;40;1E;NA;TRUE;Egg1;55.1;37.4;2060.74
2014-CC-57;2014;3/23/2014;EWW;CC;57;2E;NA;TRUE;Egg1;53.8;37;1990.6
2014-LC-208;2014;3/24/2014;SMC;LC;208;2E;NA;TRUE;Egg1;55.2;35.5;1959.6
2014-LC-210;2014;3/24/2014;SMC;LC;210;1E;NA;TRUE;Egg1;53.5;34.6;1851.1
2014-LC-238;2014;3/24/2014;SMC;LC;238;1E;NA;TRUE;Egg1;52.8;33.9;1789.92
2014-LC-A;2014;3/24/2014;SMC;LC;A;1E;NA;TRUE;Egg1;53;34.3;1817.9
2014-LC-229;2014;3/24/2014;SMC;LC;229;1E;NA;TRUE;Egg1;54.3;35.3;1916.79
2014-DO-P1+P2;2014;3/26/2014;EWW;DO;P1+P2;COMMENTS;NA;FALSE;Egg1;55.6;35.7;1984.92
;;;;;;;;;;;;
 PHOTOS 520;521;;;;;;;;;;;
 PHOTOS 522;523;;;;;;;;;;;
" 516""";;;;;;;;;;;;
2014-DO-B8;2014;3/26/2014;EWW;DO;B8;2E;NA;TRUE;Egg1;52.5;35.6;1869
2014-APNC-1322;2014;3/28/2014;AAY;APNC;1322;1E;NA;TRUE;Egg1;55.2;35.3;1948.56
2014-CC-155;2014;3/31/2014;AAY;CC;155;2E;NA;FALSE;Egg1;56.4;38.6;2177.04
2014-CC-610;2014;3/31/2014;AAY;CC;610;1E;NA;TRUE;Egg1;50.4;35.1;1769.04
2014-CC-30;2014;3/31/2014;AAY;CC;30;1E;NA;TRUE;Egg1;51.6;36.2;1867.92
2014-LC-200;2014;4/1/2014;AAY;LC;200;1E;NA;TRUE;Egg1;53.5;35.5;1899.25
2014-LC-210;2014;4/1/2014;AAY;LC;210;2E;NA;FALSE;Egg1;54.9;30.7;1685.43
2014-DO-B16;2014;4/2/2014;AAY;DO;B16;1E;NA;TRUE;Egg1;53.1;36;1911.6
2014-APNC-1034;2014;4/4/2014;AAY;APNC;1034;1E;NA;TRUE;Egg1;52.6;32.9;1730.54
2014-APNC-1034;2014;4/11/2014;JAH;APNC;1034;1E;NA;TRUE;Egg1;54.2;35;1897
2014-CC-49;2014;4/13/2014;JAH;CC;49;1E;NA;TRUE;Egg1;56.4;35.5;2002.2
2014-LC-233;2014;4/15/2014;JAH;LC;233;1E;NA;TRUE;Egg1;50;34;1700
2014-DO-B9;2014;4/23/2014;SMC;DO;B9;1E;NA;TRUE;Egg1;53.4;36.1;1927.74
2014-DO-6;2014;4/23/2014;SMC;DO;6;1E;NA;TRUE;Egg1;54;36.5;1971
2014-LC-226;2014;4/29/2014;JAH;LC;226;1E;NA;TRUE;Egg1;53.9;35.2;1897.28
2014-LC-269;2014;4/29/2014;JAH;LC;269;1E;NA;TRUE;Egg1;50.2;35.7;1792.14
2014-DO-7;2014;4/30/2014;JAH;DO;7;1E;NA;TRUE;Egg1;53.8;36.1;1942.18
2014-BH-H18;2014;4/30/2014;JAH;BH;H18;2E;NA;FALSE;Egg1;56.9;36.2;2059.78
2014-DO-B12;2014;4/30/2014;JAH;DO;B12;1E;NA;TRUE;Egg1;52;36;1872
2014-APNC-1304;2014;5/2/2014;JAH;APNC;1304;1E;NA;TRUE;Egg1;55.7;35;1949.5
2014-CC-617;2014;5/4/2014;JAH;CC;617;1E;NA;TRUE;Egg1;53.6;35.6;1908.16
2014-CC-602;2014;5/4/2014;JAH;CC;602;1E;NA;TRUE;Egg1;55.6;36.6;2034.96
2014-LC-249;2014;5/6/2014;JAH;LC;249;1E;NA;TRUE;Egg1;52;35.5;1846
2014-LC-291;2014;5/6/2014;JAH;LC;291;1E;NA;TRUE;Egg1;53.3;36;1918.8
2014-LC-210;2014;5/13/2014;SMC;LC;210;1E;NA;TRUE;Egg1;52;35.2;1830.4
2014-LC-297;2014;5/13/2014;SMC;LC;297;2E;NA;FALSE;Egg1;51.8;36.3;1880.34
2014-APNC-1322;2014;5/16/2014;JAH;APNC;1322;1E;NA;TRUE;Egg1;56.1;34.4;1929.84
2014-CC-615;2014;5/18/2014;JAH;CC;615;1E;NA;TRUE;Egg1;52;34.8;1809.6
2014-LC-215;2014;5/20/2014;SMC;LC;215;2E;NA;FALSE;Egg1;55;35.6;1958
2014-LC-226;2014;5/27/2014;JAH;LC;226;1E;NA;TRUE;Egg1;54.7;35;1914.5
2014-DO-B15;2014;5/28/2014;JAH;DO;B15;1E;NA;TRUE;Egg1;52.1;36.7;1912.07
2014-APNC-1322;2014;5/30/2014;JAH;APNC;1322;2E;NA;TRUE;Egg1;55.2;34.6;1909.92
2015-LC-352;2015;5/26/2015;NA;LC;352;1E;NA;TRUE;Egg1;51.4;35.2;1809.28
2015-BH-H19;2015;5/20/2015;NA;BH;H19;1E;NA;TRUE;Egg1;55;36.9;2029.5
2015-LC-269;2015;5/19/2015;NA;LC;269;1E;NA;TRUE;Egg1;49.8;33.8;1683.24
2015-LC-229;2015;5/19/2015;NA;LC;229;1E;NA;TRUE;Egg1;53.1;35.8;1900.98
2015-LC-249;2015;5/19/2015;NA;LC;249;1E;NA;TRUE;Egg1;54.1;34.6;1871.86
2015-APNC-1320;2015;5/15/2015;NA;APNC;1320;1E;NA;TRUE;Egg1;52.5;35.7;1874.25
2015-CC-602;2015;5/10/2015;NA;CC;602;1E;NA;TRUE;Egg1;56.3;36.4;2049.32
2015-DO-B20;2015;5/7/2015;NA;DO;B20;1E;NA;TRUE;Egg1;52.5;35.6;1869
2015-CC-622;2015;5/3/2015;NA;CC;622;1E;NA;TRUE;Egg1;51.5;34.7;1787.05
2015-CC-21;2015;5/3/2015;NA;CC;21;1E;NA;TRUE;Egg1;52.2;37.1;1936.62
2015-APNC-1321;2015;5/1/2015;NA;APNC;1321;1E;NA;TRUE;Egg1;53;35.7;1892.1
2015-APNC-1344;2015;5/1/2015;NA;APNC;1344;COMMENTS;NA;TRUE;Egg1;51.6;33.9;1749.24
2015-DO-B12;2015;4/22/2015;NA;DO;B12;1E;NA;TRUE;Egg1;52.5;35.4;1858.5
2015-CC-12;2015;4/19/2015;NA;CC;12;1E;NA;TRUE;Egg1;54.2;35.7;1934.94
2015-CC-610;2015;4/19/2015;NA;CC;610;1E;NA;TRUE;Egg1;51.8;35;1813
2015-CC-48;2015;4/19/2015;NA;CC;48;1E;NA;TRUE;Egg1;52.4;35.9;1881.16
2015-CC-155;2015;4/19/2015;NA;CC;155;1E;NA;TRUE;Egg1;50.4;36;1814.4
2015-APNC-1343;2015;4/17/2015;NA;APNC;1343;1E;NA;TRUE;Egg1;53;34.2;1812.6
2015-DO-B29;2015;4/15/2015;NA;DO;B29;1E;NA;TRUE;Egg1;53.4;34.5;1842.3
2015-LC-277;2015;4/14/2015;NA;LC;277;1E;NA;TRUE;Egg1;53.7;33.3;1788.21
2015-LC-356;2015;4/14/2015;NA;LC;356;1E;NA;TRUE;Egg1;54.8;34.5;1890.6
2015-CC-505;2015;4/12/2015;NA;CC;505;1E;NA;TRUE;Egg1;53.4;35.2;1879.68
2015-DO-B17;2015;4/8/2015;NA;DO;B17;1E;NA;TRUE;Egg1;52.2;35.1;1832.22
2015-LC-287;2015;4/6/2015;NA;LC;287;1E;NA;TRUE;Egg1;54.4;36.3;1974.72
2015-LC-210;2015;4/6/2015;NA;LC;210;COMMENTS;NA;FALSE;Egg1;53;35.5;1881.5
2015-LC-355;2015;4/6/2015;NA;LC;355;1E;NA;TRUE;Egg1;54.5;35.9;1956.55
2015-APNC-1318;2015;4/3/2015;NA;APNC;1318;1E;NA;TRUE;Egg1;54.9;35.1;1926.99
2015-LC-352;2015;3/31/2015;NA;LC;352;2E;NA;FALSE;Egg1;50.6;35.9;1816.54
2015-LC-353;2015;3/31/2015;NA;LC;353;1E;NA;TRUE;Egg1;52.1;34.3;1787.03
2015-LC-282;2015;3/31/2015;NA;LC;282;1E;NA;TRUE;Egg1;54;33.9;1830.6
2015-CC-618;2015;3/29/2015;NA;CC;618;1E;NA;TRUE;Egg1;51.8;35.7;1849.26
2015-CC-57;2015;3/29/2015;NA;CC;57;1E;NA;TRUE;Egg1;55.2;35.2;1943.04
2015-CC-43;2015;3/29/2015;NA;CC;43;1E;NA;TRUE;Egg1;53.6;34.9;1870.64
2015-APNC-1320;2015;3/27/2015;NA;APNC;1320;1E;NA;TRUE;Egg1;52.1;35.5;1849.55
2015-DO-B19;2015;3/25/2015;NA;DO;B19;1E;NA;TRUE;Egg1;56.4;36.1;2036.04
2015-BH-H19;2015;3/25/2015;NA;BH;H19;1E;NA;TRUE;Egg1;55.7;36.2;2016.34
2015-LC-213;2015;3/23/2015;NA;LC;213;1E;NA;TRUE;Egg1;56.4;36.1;2036.04
2015-LC-221;2015;3/23/2015;NA;LC;221;1E;NA;TRUE;Egg1;55.1;35.7;1967.07
2015-LC-269;2015;3/23/2015;NA;LC;269;1E;NA;TRUE;Egg1;50.8;34.8;1767.84
2015-LC-296;2015;3/23/2015;NA;LC;296;1E;NA;TRUE;Egg1;52.4;35.3;1849.72
2015-CC-22;2015;3/23/2015;NA;CC;22;1E;NA;TRUE;Egg1;54.3;37.5;2036.25
2015-CC-41;2015;3/23/2015;NA;CC;41;1E;NA;TRUE;Egg1;55.8;36.2;2019.96
2015-CC-53;2015;3/23/2015;NA;CC;53;1E;NA;TRUE;Egg1;52.4;33.9;1776.36
2015-CC-540;2015;3/23/2015;NA;CC;540;2E;NA;TRUE;Egg1;54.9;36.5;2003.85
2015-CC-54;2015;3/23/2015;NA;CC;54;1E;NA;TRUE;Egg1;54.9;35.1;1926.99
2015-APNC-1328;2015;3/20/2015;NA;APNC;1328;1E;NA;TRUE;Egg1;52.8;35.2;1858.56
2015-APNC-1324;2015;3/20/2015;NA;APNC;1324;1E;NA;TRUE;Egg1;51.2;35.5;1817.6
2015-DO-B12;2015;3/18/2015;NA;DO;B12;1E;NA;TRUE;Egg1;56;36.4;2038.4
2015-DO-B16;2015;3/18/2015;NA;DO;B16;1E;NA;TRUE;Egg1;51.8;35.2;1823.36
2015-DO-P4+P5;2015;3/18/2015;NA;DO;P4+P5;1E;NA;TRUE;Egg1;52.6;35.9;1888.34
2015-BH-H18;2015;3/16/2015;NA;BH;H18;2E;NA;FALSE;Egg1;55.1;36.3;2000.13
2015-LC-215;2015;3/16/2015;NA;LC;215;1E;NA;TRUE;Egg1;54.1;35.4;1915.14
2015-LC-229;2015;3/16/2015;NA;LC;229;1E;NA;TRUE;Egg1;54.2;34.9;1891.58
2015-LC-266;2015;3/16/2015;NA;LC;266;1E;NA;TRUE;Egg1;55.7;36.2;2016.34
2015-LC-280;2015;3/16/2015;NA;LC;280;1E;NA;TRUE;Egg1;56.8;34;1931.2
2015-LC-249;2015;3/16/2015;NA;LC;249;1E;NA;TRUE;Egg1;53.7;36.5;1960.05
2015-LC-244;2015;3/16/2015;NA;LC;244;2E;NA;FALSE;Egg1;52.8;35.6;1879.68
2015-CC-601;2015;3/15/2015;NA;CC;601;1E;NA;TRUE;Egg1;56.2;36.7;2062.54
2015-CC-8;2015;3/15/2015;NA;CC;8;1E;NA;TRUE;Egg1;54.1;35.9;1942.19
2015-CC-602;2015;3/15/2015;NA;CC;602;1E;NA;TRUE;Egg1;58;36;2088
2015-CC-15;2015;3/15/2015;NA;CC;15;1E;NA;TRUE;Egg1;55.9;35.8;2001.22
2015-CC-609;2015;3/15/2015;NA;CC;609;1E;NA;TRUE;Egg1;51.6;36.4;1878.24
2015-CC-58;2015;3/15/2015;NA;CC;58;1E;NA;TRUE;Egg1;52.9;35.6;1883.24
2015-CC-540;2015;3/15/2015;NA;CC;540;1E;NA;TRUE;Egg1;54.8;36.2;1983.76
2015-CC-96;2015;3/15/2015;NA;CC;96;1E;NA;TRUE;Egg1;54.8;35.4;1939.92
2015-CC-36;2015;3/15/2015;NA;CC;36;2E;NA;TRUE;Egg1;54;36.4;1965.6
2015-CC-35;2015;3/15/2015;NA;CC;35;1E;NA;TRUE;Egg1;53.4;35.6;1901.04
2015-CC-616;2015;3/15/2015;NA;CC;616;1E;NA;TRUE;Egg1;55.9;35.4;1978.86
2015-APNC-1306;2015;3/13/2015;NA;APNC;1306;1E;NA;TRUE;Egg1;54.3;34.8;1889.64
2015-APNC-1322;2015;3/13/2015;NA;APNC;1322;2E;NA;FALSE;Egg1;56.3;34.9;1964.87
2015-BH-H15;2015;3/11/2015;NA;BH;H15;1E;NA;TRUE;Egg1;57.1;34.8;1987.08
2015-DO-B15;2015;3/11/2015;NA;DO;B15;1E;NA;TRUE;Egg1;51.6;35.8;1847.28
2015-LC-210;2015;3/10/2015;NA;LC;210;2E;NA;FALSE;Egg1;54.3;35.3;1916.79
;;;;;;;;;;;;
2015-LC-225;2015;3/10/2015;NA;LC;225;1E;NA;TRUE;Egg1;51.5;35.6;1833.4
2015-LC-285;2015;3/10/2015;NA;LC;285;1E;NA;TRUE;Egg1;51.3;35.1;1800.63
2015-CC-21;2015;3/8/2015;NA;CC;21;1E;NA;TRUE;Egg1;52.9;35.6;1883.24
;;;;;;;;;;;;
2015-CC-534;2015;3/8/2015;NA;CC;534;1E;NA;TRUE;Egg1;55.7;36.9;2055.33
2015-CC-41;2015;3/8/2015;NA;CC;41;1E;NA;TRUE;Egg1;54.8;35.7;1956.36
;;;;;;;;;;;;
2015-CC-39;2015;3/8/2015;NA;CC;39;1E;NA;TRUE;Egg1;55.4;34.6;1916.84
2015-CC-52;2015;3/8/2015;NA;CC;52;1E;NA;TRUE;Egg1;53.5;36;1926
;;;;;;;;;;;;
2015-APNC-1304;2015;3/6/2015;NA;APNC;1304;1E;NA;TRUE;Egg1;57.2;34.5;1973.4
2015-APNC-1327;2015;3/6/2015;NA;APNC;1327;1E;NA;TRUE;Egg1;51.7;34.7;1793.99
2015-APNC-1323;2015;3/6/2015;NA;APNC;1323;2E;NA;FALSE;Egg1;54.6;35.3;1927.38
2015-APNC-1334;2015;3/6/2015;NA;APNC;1334;1E;NA;TRUE;Egg1;55.9;36.6;2045.94
2015-DO-4;2015;3/4/2015;NA;DO;4;1E;NA;TRUE;Egg1;53.2;34.1;1814.12
2015-DO-B25;2015;3/4/2015;NA;DO;B25;1E;NA;TRUE;Egg1;51.5;36.8;1895.2
2015-DO-B8;2015;3/4/2015;NA;DO;B8;1E;NA;TRUE;Egg1;52.5;35.7;1874.25
2015-DO-B24;2015;3/4/2015;NA;DO;B24;1E;NA;TRUE;Egg1;49.4;35.2;1738.88
2015-DO-B12;2015;3/4/2015;NA;DO;B12;1E;NA;TRUE;Egg1;55.8;35.8;1997.64
2015-DO-B13;2015;3/4/2015;NA;DO;B13;1E;NA;TRUE;Egg1;53.8;36.2;1947.56
2015-DO-B20;2015;3/4/2015;NA;DO;B20;1E;NA;TRUE;Egg1;52.4;35.8;1875.92
2015-LC-297;2015;3/3/2015;NA;LC;297;1E;NA;TRUE;Egg1;54;36.1;1949.4
;;;;;;;;;;;;
2015-LC-206;2015;3/3/2015;NA;LC;206;1E;NA;TRUE;Egg1;51.1;35.1;1793.61
;;;;;;;;;;;;
2015-LC-291;2015;3/3/2015;NA;LC;291;1E;NA;TRUE;Egg1;53.9;35.5;1913.45
;;;;;;;;;;;;
2015-LC-299;2015;3/3/2015;NA;LC;299;1E;NA;TRUE;Egg1;55;35.4;1947
;;;;;;;;;;;;
2015-LC-287;2015;3/3/2015;NA;LC;287;1E;NA;TRUE;Egg1;54.8;37.2;2038.56
;;;;;;;;;;;;
2015-LC-294;2015;3/3/2015;NA;LC;294;1E;NA;TRUE;Egg1;52.1;34.1;1776.61
;;;;;;;;;;;;
2015-LC-200;2015;3/3/2015;NA;LC;200;1E;NA;TRUE;Egg1;53.4;36.6;1954.44
"731""";;;;;;;;;;;;
2015-CC-155;2015;3/1/2015;NA;CC;155;1E;NA;TRUE;Egg1;54;36.8;1987.2
2015-APNC-1321;2015;2/27/2015;NA;APNC;1321;1E;NA;TRUE;Egg1;43.6;34.9;1521.64
2015-DO-P3+P4L;2015;2/27/2015;NA;DO;P3+P4L;1E;NA;TRUE;Egg1;52.9;36.9;1952.01
2015-DO-B18;2015;2/25/2015;NA;DO;B18;1E;NA;TRUE;Egg1;54.3;36.1;1960.23
2015-DO-P4+P5;2015;2/25/2015;NA;DO;P4+P5;1E;NA;TRUE;Egg1;53.5;35.5;1899.25
2016-LC-256;2016;7/12/2016;AJD;LC;256;2E;NA;TRUE;Egg1;54.4;35.3;1920.32
2016-LC-285;2016;6/21/2016;PTL;LC;285;1E;NA;TRUE;Egg1;41;29.1;1193.1
2016-APNC-1312;2016;5/20/2016;JAH;APNC;1312;1E;NA;TRUE;Egg1;53;36;1908
2016-LC-299;2016;5/10/2016;AAY;LC;299;1E;NA;TRUE;Egg1;52.4;34.8;1823.52
2016-LC-AB3;2016;5/10/2016;AAY;LC;AB3;1E;NA;TRUE;Egg1;49.9;34.6;1726.54
2016-CC-505;2016;5/8/2016;PTL;CC;505;1E;NA;TRUE;Egg1;51.9;35.6;1847.64
2016-APNC-1304;2016;5/6/2016;AAY;APNC;1304;1E;NA;TRUE;Egg1;58.5;33.9;1983.15
2016-APNC-1328;2016;5/6/2016;AAY;APNC;1328;1E;NA;TRUE;Egg1;52.9;34.6;1830.34
2016-DO-B8;2016;5/4/2016;GRK;DO;B8;1E;NA;TRUE;Egg1;54.1;34.7;1877.27
2016-DO-P3+P4L;2016;5/4/2016;GRK;DO;P3+P4L;1E;NA;TRUE;Egg1;51.6;35.4;1826.64
2016-LC-285;2016;5/3/2016;AAY;LC;285;1E;NA;TRUE;Egg1;51.7;33.5;1731.95
2016-LC-200;2016;5/3/2016;AAY;LC;200;1E;NA;TRUE;Egg1;53.1;37.1;1970.01
2016-LC-287;2016;5/3/2016;AAY;LC;287;1E;NA;TRUE;Egg1;54.4;36.5;1985.6
2016-LC-362;2016;5/3/2016;AAY;LC;362;1E;NA;TRUE;Egg1;54.2;35.7;1934.94
2016-CC-24;2016;5/1/2016;GRK;CC;24;1E;NA;TRUE;Egg1;52.6;36.1;1898.86
2016-APNC-1065;2016;4/29/2016;AAY;APNC;1065;1E;NA;TRUE;Egg1;54.8;37.2;2038.56
2016-DO-B13;2016;4/27/2016;GRK;DO;B13;1E;NA;TRUE;Egg1;52.5;35;1837.5
2016-CC-617;2016;4/24/2016;JAH;CC;617;2E;NA;TRUE;Egg1;53.5;34.6;1851.1
2016-BH-H21;2016;4/20/2016;JAH;BH;H21;1E;NA;TRUE;Egg1;55.2;36.1;1992.72
2016-DO-5;2016;4/20/2016;JAH;DO;5;1E;NA;TRUE;Egg1;51.1;36.2;1849.82
2016-DO-B25;2016;4/20/2016;JAH;DO;B25;1E;NA;TRUE;Egg1;52.2;36.1;1884.42
2016-LC-233;2016;4/19/2016;MGB;LC;233;1E;NA;TRUE;Egg1;55.2;35.7;1970.64
2016-APNC-1324;2016;4/8/2016;AAY;APNC;1324;1E;NA;TRUE;Egg1;49.9;35.4;1766.46
2016-LC-AB12;2016;4/5/2016;AJB;LC;AB12;1E;NA;TRUE;Egg1;52.5;33.9;1779.75
2016-LC-216;2016;4/5/2016;AJB;LC;216;1E;NA;TRUE;Egg1;54.5;35.5;1934.75
2016-CC-51;2016;4/4/2016;AAY;CC;51;1E;NA;TRUE;Egg1;49.7;35.2;1749.44
2016-CC-56;2016;4/4/2016;AAY;CC;56;1E;NA;TRUE;Egg1;53.6;35.4;1897.44
2016-CC-651L;2016;4/4/2016;AAY;CC;651L;1E;NA;TRUE;Egg1;53;35.6;1886.8
2016-DO-P4+P5;2016;3/30/2016;JAH;DO;P4+P5;1E;NA;TRUE;Egg1;53.7;36.3;1949.31
2016-DO-4;2016;3/30/2016;JAH;DO;4;1E;NA;TRUE;Egg1;52.5;32.9;1727.25
2016-LC-291;2016;3/29/2016;JAH;LC;291;1E;NA;TRUE;Egg1;55.4;36.4;2016.56
2016-CC-616;2016;3/27/2016;JAH;CC;616;1E;NA;TRUE;Egg1;54.1;34.5;1866.45
2016-DO-B20;2016;3/23/2016;JAH;DO;B20;2E;NA;TRUE;Egg1;52.6;35.5;1867.3
2016-LC-221;2016;3/22/2016;JAH;LC;221;1E;NA;TRUE;Egg1;53.8;35.5;1909.9
2016-LC-AB2;2016;3/22/2016;JAH;LC;AB2;1E;NA;TRUE;Egg1;54;35.5;1917
2016-LC-244;2016;3/22/2016;JAH;LC;244;1E;NA;TRUE;Egg1;50.8;35.1;1783.08
2016-LC-360;2016;3/22/2016;JAH;LC;360;1E;NA;TRUE;Egg1;52.8;36;1900.8
2016-LC-353;2016;3/22/2016;JAH;LC;353;1E;NA;TRUE;Egg1;54.8;36;1972.8
2016-LC-269;2016;3/22/2016;JAH;LC;269;1E;NA;TRUE;Egg1;51.8;35.1;1818.18
2016-LC-295;2016;3/22/2016;JAH;LC;295;2E;NA;FALSE;Egg1;55.9;36;2012.4
2016-CC-43;2016;3/20/2016;JAH;CC;43;2E;NA;FALSE;Egg1;53.4;37.7;2013.18
2016-CC-96;2016;3/20/2016;JAH;CC;96;1E;NA;TRUE;Egg1;53.3;35.8;1908.14
2016-LC-352;2016;3/14/2016;AAY;LC;352;1E;NA;TRUE;Egg1;51.7;35.3;1825.01
2016-LC-249;2016;3/14/2016;AAY;LC;249;1E;NA;TRUE;Egg1;54;35.1;1895.4
2016-CC-58;2016;3/13/2016;AAY;CC;58;1E;NA;TRUE;Egg1;52.2;35.5;1853.1
2016-CC-619;2016;3/13/2016;AAY;CC;619;1E;NA;TRUE;Egg1;55;35.9;1974.5
2016-CC-621;2016;3/13/2016;AAY;CC;621;1E;NA;TRUE;Egg1;52.6;35.9;1888.34
2016-APNC-1325;2016;3/11/2016;AAY;APNC;1325;1E;NA;TRUE;Egg1;52.3;33.7;1762.51
2016-DO-8;2016;3/9/2016;AAY;DO;8;1E;NA;TRUE;Egg1;53.7;38;2040.6
2016-DO-4;2016;3/9/2016;AAY;DO;4;1E;NA;TRUE;Egg1;53.9;35.9;1935.01
2016-LC-285;2016;3/8/2016;AAY;LC;285;1E;NA;TRUE;Egg1;51.4;35.4;1819.56
2016-LC-299;2016;3/8/2016;AAY;LC;299;1E;NA;TRUE;Egg1;54.2;35;1897
2016-LC-213;2016;3/8/2016;AAY;LC;213;1E;NA;TRUE;Egg1;57;36.6;2086.2
2016-LC-200;2016;3/8/2016;AAY;LC;200;1E;NA;TRUE;Egg1;54.8;37.1;2033.08
2016-CC-602;2016;3/6/2016;PTL;CC;602;1E;NA;TRUE;Egg1;58.5;36.8;2152.8
2016-CC-505;2016;3/6/2016;PTL;CC;505;1E;NA;TRUE;Egg1;52.7;34.4;1812.88
2016-CC-540;2016;3/6/2016;PTL;CC;540;1E;NA;TRUE;Egg1;54.3;35.9;1949.37
2016-CC-39;2016;3/6/2016;PTL;CC;39;1E;NA;TRUE;Egg1;54.6;34.8;1900.08
2016-CC-35;2016;3/6/2016;PTL;CC;35;1E;NA;TRUE;Egg1;54.8;37.3;2044.04
2016-APNC-1065;2016;3/4/2016;JAH;APNC;1065;1E;NA;TRUE;Egg1;54.8;37.3;2044.04
2016-APNC-1344;2016;3/4/2016;JAH;APNC;1344;1E;NA;TRUE;Egg1;53.2;34.6;1840.72
2016-APNC-1323;2016;3/4/2016;JAH;APNC;1323;1E;NA;TRUE;Egg1;55.1;36.3;2000.13
2016-BH-H19;2016;3/2/2016;JAH;BH;H19;1E;NA;TRUE;Egg1;54.3;35;1900.5
2016-DO-B12;2016;3/2/2016;JAH;DO;B12;1E;NA;TRUE;Egg1;55.6;35.2;1957.12
2016-DO-P4+P5;2016;3/2/2016;JAH;DO;P4+P5;1E;NA;TRUE;Egg1;51.8;35.9;1859.62
2016-DO-P1+P2R;2016;3/2/2016;JAH;DO;P1+P2R;1E;NA;TRUE;Egg1;52.6;34.9;1835.74
2016-DO-FLAMECAVE;2016;3/2/2016;JAH;DO;FLAMECAVE;1E;NA;TRUE;Egg1;54.5;33.5;1825.75
2016-DO-B9;2016;3/2/2016;JAH;DO;B9;1E;NA;TRUE;Egg1;54.5;36.2;1972.9
2016-DO-B15;2016;3/2/2016;JAH;DO;B15;2E;NA;FALSE;Egg1;51.2;35.4;1812.48
2016-DO-B19;2016;3/2/2016;JAH;DO;B19;1E;NA;TRUE;Egg1;55.5;35.8;1986.9
2016-LC-229;2016;3/1/2016;JAH;LC;229;1E;NA;TRUE;Egg1;54.3;36.4;1976.52
2016-LC-256;2016;3/1/2016;JAH;LC;256;1E;NA;TRUE;Egg1;53.7;34.5;1852.65
2016-LC-218;2016;3/1/2016;JAH;LC;218;1E;NA;TRUE;Egg1;53;36.1;1913.3
2016-LC-225;2016;3/1/2016;JAH;LC;225;1E;NA;TRUE;Egg1;51.8;35.3;1828.54
2016-LC-296;2016;3/1/2016;JAH;LC;296;1E;NA;TRUE;Egg1;54.9;35;1921.5
2016-LC-350;2016;3/1/2016;JAH;LC;350;1E;NA;TRUE;Egg1;54.3;36.6;1987.38
2016-LC-358;2016;3/1/2016;JAH;LC;358;1E;NA;TRUE;Egg1;54.3;35.4;1922.22
2016-LC-359;2016;3/1/2016;JAH;LC;359;2E;NA;FALSE;Egg1;54.6;36;1965.6
2016-LC-AB9;2016;3/1/2016;JAH;LC;AB9;1E;NA;TRUE;Egg1;53.9;35.9;1935.01
2016-LC-AB11;2016;3/1/2016;JAH;LC;AB11;1E;NA;TRUE;Egg1;56.1;35.8;2008.38
2016-LC-AB12;2016;3/1/2016;JAH;LC;AB12;2E;NA;FALSE;Egg1;53.7;35.7;1917.09
2016-LC-294;2016;3/1/2016;JAH;LC;294;2E;NA;FALSE;Egg1;52.6;34.5;1814.7
2016-LC-287;2016;3/1/2016;JAH;LC;287;1E;NA;TRUE;Egg1;54.1;36;1947.6
2016-LC-282;2016;3/1/2016;JAH;LC;282;1E;NA;TRUE;Egg1;53.2;33.9;1803.48
2016-CC-539;2016;2/28/2016;JAH;CC;539;1E;NA;TRUE;Egg1;53.5;35.7;1909.95
2016-CC-52;2016;2/28/2016;JAH;CC;52;1E;NA;TRUE;Egg1;54;34.9;1884.6
2016-CC-11;2016;2/28/2016;JAH;CC;11;1E;NA;TRUE;Egg1;55.4;34.9;1933.46
2016-CC-41;2016;2/28/2016;JAH;CC;41;1E;NA;TRUE;Egg1;56.8;37.4;2124.32
2016-CC-36;2016;2/28/2016;JAH;CC;36;2E;NA;TRUE;Egg1;53.5;34.3;1835.05
2016-CC-614;2016;2/28/2016;JAH;CC;614;1E;NA;TRUE;Egg1;53.4;34.2;1826.28
2016-CC-618;2016;2/28/2016;JAH;CC;618;1E;NA;TRUE;Egg1;51.1;35.1;1793.61
2016-CC-7;2016;2/28/2016;JAH;CC;7;1E;NA;TRUE;Egg1;57.8;35.1;2028.78
2016-CC-99;2016;2/28/2016;JAH;CC;99;1E;NA;TRUE;Egg1;53.4;34;1815.6
2016-CC-617;2016;2/28/2016;JAH;CC;617;1E;NA;TRUE;Egg1;55;35.3;1941.5
2016-CC-622;2016;2/28/2016;JAH;CC;622;1E;NA;TRUE;Egg1;52.8;35.1;1853.28
2016-CC-8;2016;2/28/2016;JAH;CC;8;2E;NA;FALSE;Egg1;55.7;36;2005.2
2016-CC-609;2016;2/28/2016;JAH;CC;609;2E;NA;FALSE;Egg1;51.3;34.5;1769.85
2016-CC-552;2016;2/28/2016;JAH;CC;552;1E;NA;TRUE;Egg1;55.5;36;1998
2016-CC-58;2016;2/28/2016;JAH;CC;58;2E;NA;FALSE;Egg1;52.3;35.2;1840.96
2016-APNC-1304;2016;2/26/2016;AJB;APNC;1304;1E;NA;TRUE;Egg1;56.9;35;1991.5
2016-APNC-1305;2016;2/26/2016;AJB;APNC;1305;1E;NA;TRUE;Egg1;53.2;36.5;1941.8
2016-APNC-1334;2016;2/26/2016;AJB;APNC;1334;2E;NA;TRUE;Egg1;57.1;37;2112.7
2016-APNC-1343;2016;2/26/2016;AJB;APNC;1343;1E;NA;TRUE;Egg1;55.3;35.3;1952.09
;;;;;;;;;;;;
2016-APNC-1321;2016;2/26/2016;AJB;APNC;1321;1E;NA;TRUE;Egg1;53.9;35.5;1913.45
2016-APNC-1320;2016;2/26/2016;AJB;APNC;1320;1E;NA;TRUE;Egg1;53.6;37;1983.2
2016-APNC-1322;2016;2/26/2016;AJB;APNC;1322;1E;NA;TRUE;Egg1;54.4;35.4;1925.76
2016-BH-H18;2016;2/24/2016;JAH;BH;H18;1E;NA;TRUE;Egg1;54.4;36.8;2001.92
2016-DO-4;2016;2/24/2016;JAH;DO;4;2E;NA;TRUE;Egg1;52.4;34.8;1823.52
2016-DO-P1+P2L;2016;2/24/2016;JAH;DO;P1+P2L;1E;NA;TRUE;Egg1;57.9;35.5;2055.45
2016-DO-B40;2016;2/24/2016;JAH;DO;B40;1E;NA;TRUE;Egg1;54.5;37;2016.5
2016-DO-B24;2016;2/24/2016;JAH;DO;B24;1E;NA;TRUE;Egg1;51.9;35.4;1837.26
2016-DO-B20;2016;2/24/2016;JAH;DO;B20;1E;NA;TRUE;Egg1;54.4;35.6;1936.64
2016-DO-B18;2016;2/24/2016;JAH;DO;B18;1E;NA;TRUE;Egg1;55.7;37.5;2088.75
2016-DO-B17;2016;2/24/2016;JAH;DO;B17;1E;NA;TRUE;Egg1;56.3;36.1;2032.43
2017-DO-B16;2017;2/22/2017;JAH;DO;B16;2E;NA;FALSE;Egg1;52.5;37.2;1953
2017-APNC-1321;2017;3/3/2017;AJD;APNC;1321;1E;NA;TRUE;Egg1;53.5;35;1872.5
2017-APNC-1304;2017;3/3/2017;AJD;APNC;1304;1E;NA;TRUE;Egg1;57.8;35.7;2063.46
2017-CC-52;2017;3/5/2017;PTL;CC;52;1E;NA;TRUE;Egg1;53.4;34.9;1863.66
2017-DO-B18;2017;3/8/2017;AJD;DO;B18;1E;NA;TRUE;Egg1;54.5;37.5;2043.75
2017-CC-611;2017;3/12/2017;AAY;CC;611;2E;NA;FALSE;Egg1;53.3;36.2;1929.46
2017-CC-534;2017;3/12/2017;AAY;CC;534;1E;NA;TRUE;Egg1;55.5;36.7;2036.85
2017-CC-41;2017;3/12/2017;AAY;CC;41;1E;NA;TRUE;Egg1;56.5;37.3;2107.45
2017-BH-H18;2017;3/15/2017;JAH;BH;H18;1E;NA;TRUE;Egg1;52.9;35.9;1899.11
2017-DO-P1+P2L;2017;3/15/2017;JAH;DO;P1+P2L;1E;NA;TRUE;Egg1;57.6;36.9;2125.44
2017-DO-B25;2017;3/15/2017;JAH;DO;B25;1E;NA;TRUE;Egg1;51;36.2;1846.2
2017-APNC-1325;2017;3/17/2017;JAH;APNC;1325;1E;NA;TRUE;Egg1;52.9;34.2;1809.18
2017-CC-601;2017;3/19/2017;JAH;CC;601;1E;NA;TRUE;Egg1;57.3;36.9;2114.37
2017-CC-58;2017;3/19/2017;JAH;CC;58;1E;NA;TRUE;Egg1;52;35.9;1866.8
2017-CC-29;2017;3/19/2017;JAH;CC;29;1E;NA;TRUE;Egg1;53.2;36;1915.2
2017-CC-617;2017;3/19/2017;JAH;CC;617;1E;NA;TRUE;Egg1;53.7;35.1;1884.87
2017-CC-51;2017;3/19/2017;JAH;CC;51;1E;NA;TRUE;Egg1;50.6;34.6;1750.76
2017-CC-35;2017;3/19/2017;JAH;CC;35;1E;NA;TRUE;Egg1;55.2;37.1;2047.92
2017-DO-B10;2017;3/22/2017;JAH;DO;B10;1E;NA;TRUE;Egg1;51.3;34.5;1769.85
2017-DO-B24;2017;3/22/2017;JAH;DO;B24;1E;NA;TRUE;Egg1;50.2;34.9;1751.98
2017-DO-P4+P5L;2017;3/22/2017;JAH;DO;P4+P5L;1E;NA;TRUE;Egg1;53.3;37.1;1977.43
2017-APNC-1312;2017;3/24/2017;JAH;APNC;1312;1E;NA;TRUE;Egg1;54.4;36.5;1985.6
2017-APNC-1344;2017;3/24/2017;JAH;APNC;1344;1E;NA;TRUE;Egg1;53.9;35.4;1908.06
2017-CC-622;2017;3/26/2017;JAH;CC;622;1E;NA;TRUE;Egg1;55.1;35.8;1972.58
2017-CC-39;2017;3/26/2017;JAH;CC;39;1E;NA;TRUE;Egg1;53.3;33.7;1796.21
2017-DO-4;2017;3/29/2017;JAH;DO;4;1E;NA;TRUE;Egg1;52.7;34.8;1833.96
2017-DO-B13;2017;3/29/2017;JAH;DO;B13;1E;NA;TRUE;Egg1;54.1;35.3;1909.73
2017-DO-5;2017;3/29/2017;JAH;DO;5;2E;NA;FALSE;Egg1;52.4;36.9;1933.56
2017-DO-B19;2017;3/29/2017;JAH;DO;B19;1E;NA;TRUE;Egg1;54.5;36.5;1989.25
2017-DO-B16;2017;3/29/2017;JAH;DO;B16;1E;NA;TRUE;Egg1;53.4;36.6;1954.44
2017-APNC-1304;2017;3/31/2017;JAH;APNC;1304;1E;NA;TRUE;Egg1;56.6;34.4;1947.04
2017-CC-505;2017;4/2/2017;JAH;CC;505;1E;NA;TRUE;Egg1;54;36.5;1971
2017-CC-59;2017;4/2/2017;JAH;CC;59;1E;NA;TRUE;Egg1;49;36.1;1768.9
2017-CC-21;2017;4/2/2017;JAH;CC;21;1E;NA;TRUE;Egg1;54.1;36.5;1974.65
2017-CC-22;2017;4/2/2017;JAH;CC;22;1E;NA;TRUE;Egg1;53.8;36.3;1952.94
2017-CC-57;2017;4/2/2017;JAH;CC;57;1E;NA;TRUE;Egg1;52.5;36.3;1905.75
2017-CC-608;2017;4/2/2017;JAH;CC;608;1E;NA;TRUE;Egg1;55.1;35.9;1978.09
2017-CC-621;2017;4/2/2017;JAH;CC;621;1E;NA;TRUE;Egg1;53;36.4;1929.2
2017-CC-96;2017;4/2/2017;JAH;CC;96;2E;NA;FALSE;Egg1;54.5;33.5;1825.75
2017-CC-49;2017;4/2/2017;JAH;CC;49;1E;NA;TRUE;Egg1;56.3;35.5;1998.65
2017-CC-155;2017;4/2/2017;JAH;CC;155;1E;NA;TRUE;Egg1;54.5;37.8;2060.1
2017-LC-AB14;2017;3/29/2017;JAH;LC;AB14;1E;NA;TRUE;Egg1;55.7;37.3;2077.61
2017-APNC-1065;2017;4/4/2017;JAH;APNC;1065;1E;NA;TRUE;Egg1;54.9;36.3;1992.87
2017-APNC-1328;2017;4/4/2017;JAH;APNC;1328;1E;NA;TRUE;Egg1;51.9;34.9;1811.31
2017-DO-B12;2017;4/4/2017;AJD;DO;B12;1E;NA;TRUE;Egg1;54.7;36.4;1991.08
2017-DO-B20;2017;4/4/2017;AJD;DO;B20;1E;NA;TRUE;Egg1;52.1;36.2;1886.02
2017-DO-B17;2017;4/4/2017;AJD;DO;B17;1E;NA;TRUE;Egg1;54.2;37.5;2032.5
2017-DO-B15;2017;4/4/2017;AJD;DO;B15;1E;NA;TRUE;Egg1;51.3;36.1;1851.93
2017-DO-P3+P4L;2017;4/4/2017;AJD;DO;P3+P4L;1E;NA;TRUE;Egg1;51.6;35.5;1831.8
2017-DO-B8;2017;4/19/2017;JAH;DO;B8;1E;NA;TRUE;Egg1;54.9;35.5;1948.95
2017-CC-552;2017;4/20/2017;JAH;CC;552;1E;NA;TRUE;Egg1;52.5;35.5;1863.75
2017-APNC-1320;2017;4/21/2017;JAH;APNC;1320;2E;NA;FALSE;Egg1;52.8;37;1953.6
2017-DO-9;2017;4/26/2017;JAH;DO;9;1E;NA;TRUE;Egg1;52.9;36.2;1914.98
2017-APNC-1321;2017;4/28/2017;JAH;APNC;1321;1E;NA;TRUE;Egg1;52.8;35.6;1879.68
2017-CC-602;2017;4/29/2017;JAH;CC;602;2E;NA;FALSE;Egg1;58;35.4;2053.2
2017-DO-B25;2017;5/9/2017;JAH;DO;B25;1E;NA;TRUE;Egg1;52.1;35.6;1854.76
2017-CC-528;2017;5/10/2017;JAH;CC;528;1E;NA;TRUE;Egg1;50;36.1;1805
2017-CC-56;2017;5/10/2017;JAH;CC;56;1E;NA;TRUE;Egg1;53.3;34;1812.2
2017-CC-96;2017;5/10/2017;JAH;CC;96;COMMENTS;NA;FALSE;Egg1;53.7;34.3;1841.91
2017-BH-H18;2017;5/18/2017;JAH;BH;H18;1E;NA;TRUE;Egg1;56.6;36.1;2043.26
2017-APNC-1304;2017;5/20/2017;JAH;APNC;1304;1E;NA;TRUE;Egg1;56.2;34;1910.8
2017-CC-58;2017;5/22/2017;JAH;CC;58;2E;NA;TRUE;Egg1;51.4;35.4;1819.56
2017-APNC-1328;2017;6/21/2017;JAH;APNC;1328;2E;NA;TRUE;Egg1;52.3;34.9;1825.27
2009-DO-UNDERB11;2009;4/16/2009;CEH;DO;UNDERB11;2E;N;TRUE;Egg2;50.3;30.5;1534.15
2009-CC-2;2009;4/17/2009;CEH;CC;2;2E;N;TRUE;Egg2;55.8;37;2064.6
2009-CC-35;2009;4/21/2009;CEH;CC;35;1E;N;TRUE;Egg2;54.4;35.1;1909.44
2009-CC-8;2009;5/5/2009;CEH;CC;8;2E;N;TRUE;Egg2;56;36.5;2044
2010-DO-5;2010;3/14/2010;NAG;DO;5;2E;Y;FALSE;Egg2;51.5;35;1802.5
2010-BT-1790;2010;3/19/2010;DLW;BT;1790;2E;N;TRUE;Egg2;53;31;1643
2010-WC-1392;2010;3/21/2010;SAA;WC;1392;2E;N;FALSE;Egg2;54.5;34;1853
2010-WC-1393;2010;3/21/2010;SAA;WC;1393;1E;N;TRUE;Egg2;54;36.5;1971
2010-APNC-1068;2010;3/22/2010;SAA;APNC;1068;2E;N;FALSE;Egg2;56;37.1;2077.6
2010-LC-232;2010;3/22/2010;SAA;LC;232;2E;N;FALSE;Egg2;51.5;34;1751
2010-CC-41;2010;3/28/2010;NAG;CC;41;2E;Y;TRUE;Egg2;53;33.5;1775.5
2010-CC-58;2010;3/28/2010;NAG;CC;58;2E;N;TRUE;Egg2;52.5;35.5;1863.75
2010-BT-1786;2010;3/31/2010;SAA;BT;1786;2E;N;FALSE;Egg2;55.5;35.2;1953.6
2010-BT-1792;2010;3/31/2010;SAA;BT;1792;2E;Y;TRUE;Egg2;52;35;1820
2010-APNC-1318;2010;4/2/2010;SKT;APNC;1318;2E;Y;TRUE;Egg2;54;35.1;1895.4
2010-LC-210;2010;4/2/2010;SAA;LC;210;2E;N;TRUE;Egg2;51;36;1836
2010-CC-26;2010;4/3/2010;SKT;CC;26;2E;Y;TRUE;Egg2;53.8;36.5;1963.7
2010-LC-242;2010;4/5/2010;SAA;LC;242;2E;N;TRUE;Egg2;55.7;36;2005.2
2010-CC-651L;2010;4/6/2010;SKT;CC;651L;2E;N;FALSE;Egg2;52.2;37.8;1973.16
2010-BT-1793;2010;4/7/2010;SKT;BT;1793;2E;N;TRUE;Egg2;51.5;33;1699.5
2010-DO-B17;2010;4/7/2010;SKT;DO;B17;2E;Y;TRUE;Egg2;51.9;36.8;1909.92
2010-CC-56;2010;4/11/2010;SKT;CC;56;2E;Y;TRUE;Egg2;54;35.7;1927.8
2010-CC-562;2010;4/11/2010;SKT;CC;562;2E;Y;TRUE;Egg2;51.2;32.9;1684.48
2010-APNC-1323;2010;4/16/2010;KWB;APNC;1323;2E;N;TRUE;Egg2;52;36;1872
2010-APNC-1324;2010;4/16/2010;KWB;APNC;1324;2E;N;FALSE;Egg2;54.5;36;1962
2010-LC-203;2010;4/16/2010;SAA;LC;203;2E;N;FALSE;Egg2;50.1;34.5;1728.45
2010-LC-213;2010;4/16/2010;SAA;LC;213;2E;N;TRUE;Egg2;52;36.1;1877.2
2010-LC-219;2010;4/16/2010;SAA;LC;219;2E;Y;TRUE;Egg2;56.1;36;2019.6
2010-LC-240;2010;4/16/2010;SAA;LC;240;2E;N;FALSE;Egg2;52.5;37;1942.5
2010-LC-246;2010;4/19/2010;SAA;LC;246;2E;N;FALSE;Egg2;53.3;33.9;1806.87
2010-CC-26;2010;4/29/2010;KWB;CC;26;2E;Y;TRUE;Egg2;54;36.5;1971
2010-APNC-1320;2010;4/30/2010;KWB;APNC;1320;2E;Y;TRUE;Egg2;52.5;35.5;1863.75
2010-LC-212;2010;4/30/2010;KWB;LC;212;2E;Y;FALSE;Egg2;51.7;35.3;1825.01
2010-APNC-1324;2010;5/14/2010;SAA;APNC;1324;2E;N;FALSE;Egg2;51.3;36;1846.8
2010-LC-227;2010;5/15/2010;KWB;LC;227;1E;N;TRUE;Egg2;52.5;35;1837.5
2010-DO-B17;2010;5/26/2010;SAA;DO;B17;COMMENTS;N;TRUE;Egg2;52.7;34.5;1818.15
2010-CC-21;2010;5/27/2010;KWB;CC;21;1E;Y;TRUE;Egg2;54.9;36.2;1987.38
2010-LC-212;2010;5/31/2010;SAA;LC;212;2E;Y;TRUE;Egg2;50.5;35;1767.5
2010-LC-255;2010;5/31/2010;SAA;LC;255;1E;N;TRUE;Egg2;54.5;34.3;1869.35
2010-APNC-1322;2010;6/11/2010;KWB;APNC;1322;2E;Y;TRUE;Egg2;53.8;37;1990.6
2010-BH-H15;2010;6/16/2010;SKT;BH;H15;2E;N;TRUE;Egg2;54.1;36.1;1953.01
2010-DO-9A;2010;6/23/2010;SAA;DO;9A;2E;N;FALSE;Egg2;54;35.4;1911.6
2010-LC-244;2010;6/25/2010;SAA;LC;244;2E;Y;TRUE;Egg2;52.5;36;1890
2011-CC-20;2011;4/5/2011;KWB;CC;20;1E;N;TRUE;Egg2;55.4;35.9;1988.86
2011-CC-43;2011;4/19/2011;SAA;CC;43;2E;Y;TRUE;Egg2;56.2;36.7;2062.54
2011-LC-260;2011;4/8/2011;SKT;LC;260;2E;N;FALSE;Egg2;54.75;35.75;1957.3125
2011-CC-2;2011;4/9/2011;SKT;CC;2;2E;Y;TRUE;Egg2;54.35;37.2;2021.82
2011-CC-26;2011;4/9/2011;SKT;CC;26;2E;N;FALSE;Egg2;55.3;36.4;2012.92
2011-DO-B8;2011;4/13/2011;SAA;DO;B8;2E;Y;TRUE;Egg2;55.85;36.2;2021.77
2011-CC-29;2011;3/31/2011;KWB;CC;29;2E;Y;TRUE;Egg2;51.5;36;1854
2011-CC-56;2011;4/14/2011;SAA;CC;56;2E;N;TRUE;Egg2;55.5;35.8;1986.9
2011-LC-236;2011;4/15/2011;SAA;LC;236;2E;Y;TRUE;Egg2;55.85;37.4;2088.79
2011-CC-52;2011;3/31/2011;KWB;CC;52;2E;Y;TRUE;Egg2;54;35.8;1933.2
2011-LC-235;2011;4/22/2011;CEK;LC;235;2E;N;TRUE;Egg2;50.3;34.2;1720.26
2011-CC-22;2011;4/23/2011;SKT;CC;22;COMMENTS;Y;TRUE;Egg2;54.9;38.6;2119.14
2011-CC-58;2011;3/31/2011;KWB;CC;58;1E;N;TRUE;Egg2;52.5;35.5;1863.75
2011-DO-B13;2011;4/27/2011;CEK;DO;B13;COMMENTS;N;FALSE;Egg2;52;36;1872
2011-APNC-1327;2011;5/13/2011;SAA;APNC;1327;2E;N;TRUE;Egg2;53.35;37;1973.95
2011-LC-262;2011;5/13/2011;KWB;LC;262;2E;N;FALSE;Egg2;53.2;35;1862
2011-DO-B18;2011;4/20/2011;SAA;DO;B18;2E;N;TRUE;Egg2;55.4;36.9;2044.26
2011-CC-539;2011;5/17/2011;KWB;CC;539;1E;N;TRUE;Egg2;51;31.11;1586.61
2011-BH-H4;2011;5/25/2011;SAA;BH;H4;2E;N;TRUE;Egg2;52.2;36.8;1920.96
2011-BH-H6;2011;5/25/2011;SAA;BH;H6;2E;N;FALSE;Egg2;50.6;31.2;1578.72
2011-APNC-1338;2011;6/10/2011;KWB;APNC;1338;2E;N;FALSE;Egg2;63.8;40.6;2590.28
2011-BH-H16;2011;3/30/2011;SAA;BH;H16;2E;N;FALSE;Egg2;53;36.8;1950.4
2012-CC-534;2012;3/6/2012;REW;CC;534;2E;N;FALSE;Egg2;54;36.5;1971
2012-DO-B15;2012;3/21/2012;AAY;DO;B15;2E;Y;TRUE;Egg2;51.2;30.8;1576.96
2012-DO-B13;2012;3/28/2012;KMR;DO;B13;2E;Y;TRUE;Egg2;59.8;36;2152.8
2012-LC-233;2012;3/31/2012;REW;LC;233;2E;N;FALSE;Egg2;52;35.7;1856.4
2012-LC-236;2012;3/31/2012;REW;LC;236;2E;Y;TRUE;Egg2;53.8;37.2;2001.36
2012-LC-267;2012;3/31/2012;REW;LC;267;1E;N;FALSE;Egg2;55.1;36.4;2005.64
2012-DO-FLAMECAVE;2012;3/31/2012;KMR;DO;FLAMECAVE;2E;Y;TRUE;Egg2;55.3;33.9;1874.67
2012-LC-264;2012;4/5/2012;SLA;LC;264;2E;N;FALSE;Egg2;54;33.9;1830.6
2012-BH-219;2012;4/6/2012;SLA;BH;219;2E;Y;TRUE;Egg2;55.5;34.7;1925.85
2012-LC-219;2012;4/6/2012;SLA;LC;219;2E;Y;TRUE;Egg2;55.5;34.7;1925.85
2012-BH-H5;2012;4/8/2012;SLA;BH;H5;2E;Y;TRUE;Egg2;55.5;36.2;2009.1
2012-DO-4;2012;4/11/2012;CAC;DO;4;1E;N;TRUE;Egg2;53.8;36.9;1985.22
2012-DO-B10;2012;4/11/2012;CAC;DO;B10;2E;N;TRUE;Egg2;51.3;34.5;1769.85
2012-DO-B25;2012;4/11/2012;CAC;DO;B25;2E;Y;TRUE;Egg2;52.1;36;1875.6
2012-BH-H19;2012;4/18/2012;SKT;BH;H19;2E;Y;TRUE;Egg2;52.75;35.45;1869.9875
2012-LC-223;2012;4/20/2012;SKT;LC;223;2E;N;TRUE;Egg2;51.65;34.75;1794.8375
2012-DO-B25;2012;4/25/2012;SKT;DO;B25;2E;N;TRUE;Egg2;53.1;36.5;1938.15
2012-LC-272;2012;4/27/2012;KMR;LC;272;2E;N;TRUE;Egg2;51.9;35.8;1858.02
2012-LC-273;2012;4/27/2012;KMR;LC;273;2E;N;TRUE;Egg2;59.6;34.4;2050.24
2012-LC-275;2012;4/27/2012;KMR;LC;275;2E;N;FALSE;Egg2;51.3;34.2;1754.46
2012-DO-P3+P4R;2012;5/2/2012;SKT;DO;P3+P4R;2E;N;TRUE;Egg2;53.55;36.8;1970.64
2012-LC-207;2012;5/4/2012;SKT;LC;207;2E;N;TRUE;Egg2;55.8;35.7;1992.06
2012-LC-225;2012;5/4/2012;SKT;LC;225;2E;N;TRUE;Egg2;53.2;35.9;1909.88
2012-LC-234;2012;5/18/2012;SKT;LC;234;1E;Y;TRUE;Egg2;49.3;33.1;1631.83
2012-CC-651R;2012;5/24/2012;REW;CC;651R;1E;N;TRUE;Egg2;51.4;35.2;1809.28
2012-LC-249;2012;5/25/2012;REW;LC;249;2E;N;TRUE;Egg2;53;34.6;1833.8
2012-CC-11;2012;5/29/2012;REW;CC;11;1E;N;TRUE;Egg2;54.9;34.1;1872.09
2012-LC-276;2012;6/1/2012;KMR;LC;276;2E;Y;TRUE;Egg2;53.1;36.8;1954.08
2012-DO-4;2012;6/13/2012;SKT;DO;4;2E;N;TRUE;Egg2;52.1;35.5;1849.55
2012-LC-279;2012;6/15/2012;SKT;LC;279;1E;N;TRUE;Egg2;50.2;36.2;1817.24
2012-CC-52;2012;6/26/2012;SKT;CC;52;2E;N;TRUE;Egg2;53.8;35.7;1920.66
2013-DO-P3+P4L;2013;2/27/2013;SJK;DO;P3+P4L;1E;Y;TRUE;Egg2;54;36.25;1957.5
2013-CC-505;2013;2/28/2013;REW;CC;505;2E;N;FALSE;Egg2;54.65;36.2;1978.33
2013-DO-B18;2013;3/6/2013;AAY;DO;B18;2E;Y;TRUE;Egg2;56.9;37.9;2156.51
2013-LC-208;2013;3/8/2013;JAH;LC;208;2E;N;FALSE;Egg2;55.5;35.2;1953.6
2013-LC-256;2013;3/8/2013;JAH;LC;256;2E;N;FALSE;Egg2;52.5;33.6;1764
2013-APNC-1340;2013;3/11/2013;JAH;APNC;1340;2E;N;FALSE;Egg2;52;35.8;1861.6
2013-DO-B25;2013;3/13/2013;CLE;DO;B25;COMMENTS;N;TRUE;Egg2;53.9;36.8;1983.52
2013-DO-B20;2013;3/13/2013;CLE;DO;B20;2E;Y;TRUE;Egg2;51.2;35;1792
2013-CC-155;2013;3/14/2013;RER;CC;155;2E;Y;TRUE;Egg2;55.5;37.45;2078.475
2013-CC-610;2013;3/19/2013;RER;CC;610;2E;N;FALSE;Egg2;51.05;34.8;1776.54
2013-CC-35;2013;3/19/2013;RER;CC;35;1E;Y;TRUE;Egg2;55.2;36.3;2003.76
2013-DO-B10;2013;3/20/2013;AAY;DO;B10;2E;N;FALSE;Egg2;51.5;34.8;1792.2
2013-DO-B12;2013;3/20/2013;AAY;DO;B12;2E;N;TRUE;Egg2;55;35.9;1974.5
2013-DO-B16;2013;3/20/2013;AAY;DO;B16;2E;N;FALSE;Egg2;55.6;33.3;1851.48
2013-DO-P1+P2;2013;3/20/2013;AAY;DO;P1+P2;2E;N;TRUE;Egg2;51.3;34.9;1790.37
2013-LC-280;2013;3/22/2013;AAY;LC;280;2E;N;FALSE;Egg2;56.3;35.1;1976.13
2013-LC-225;2013;3/22/2013;AAY;LC;225;2E;N;FALSE;Egg2;53.5;35.5;1899.25
2013-LC-254;2013;3/22/2013;AAY;LC;254;2E;N;FALSE;Egg2;51.5;36.2;1864.3
2013-APNC-1325;2013;3/24/2013;AAY;APNC;1325;2E;N;FALSE;Egg2;56;36.9;2066.4
2013-APNC-1318;2013;3/24/2013;AAY;APNC;1318;2E;N;FALSE;Egg2;52.5;35.5;1863.75
2013-LC-281;2013;3/29/2013;RER;LC;281;2E;Y;TRUE;Egg2;55.7;36.1;2010.77
2013-LC-234;2013;3/29/2013;RER;LC;234;1E;N;TRUE;Egg2;52.6;35;1841
2013-LC-268;2013;3/29/2013;RER;LC;268;1E;N;TRUE;Egg2;58;35.7;2070.6
2013-CC-2;2013;4/2/2013;RER;CC;2;2E;Y;TRUE;Egg2;55.2;36.6;2020.32
2013-APNC-1305;2013;4/7/2013;JAH;APNC;1305;2E;Y;TRUE;Egg2;55.25;36.8;2033.2
2013-DO-B17;2013;4/10/2013;CLE;DO;B17;2E;N;TRUE;Egg2;55.2;35.5;1959.6
2013-DO-B16;2013;4/10/2013;CLE;DO;B16;1E;N;TRUE;Egg2;48.8;33.8;1649.44
2013-LC-290;2013;4/12/2013;SJK;LC;290;2E;N;FALSE;Egg2;52.7;34.2;1802.34
2013-LC-288;2013;4/12/2013;SJK;LC;288;1E;N;TRUE;Egg2;55.6;34.3;1907.08
2013-DO-P3+P4L;2013;4/17/2013;AAY;DO;P3+P4L;2E;Y;TRUE;Egg2;52.6;36.2;1904.12
2013-DO-P3+P4R;2013;5/15/2013;CAC;DO;P3+P4R;2E;Y;TRUE;Egg2;52.1;36;1875.6
;;;;;;;;;;;;
2013-LC-286;2013;5/17/2013;SJK;LC;286;2E;Y;TRUE;Egg2;52.7;36.9;1944.63
2013-APNC-1312;2013;5/19/2013;JAH;APNC;1312;2E;N;FALSE;Egg2;52.8;36.7;1937.76
2013-CC-49;2013;5/23/2013;RER;CC;49;1E;N;TRUE;Egg2;53;35.9;1902.7
2013-LC-218;2013;6/7/2013;RER;LC;218;2E;Y;TRUE;Egg2;53.5;35.5;1899.25
2014-LC-200;2014;3/12/2014;JAH;LC;200;2E;NA;TRUE;Egg2;55.6;37.5;2085
2014-APNC-1322;2014;3/14/2014;SMC;APNC;1322;COMMENTS;NA;TRUE;Egg2;55.1;34.4;1895.44
2014-APNC-1324;2014;3/14/2014;SMC;APNC;1324;2E;NA;FALSE;Egg2;52;36.5;1898
2014-CC-52;2014;3/16/2014;JAH;CC;52;2E;NA;FALSE;Egg2;50.8;35.7;1813.56
2014-CC-21;2014;3/16/2014;JAH;CC;21;2E;NA;TRUE;Egg2;52.2;36;1879.2
2014-LC-292;2014;3/18/2014;SMC;LC;292;2E;NA;FALSE;Egg2;54.6;36.2;1976.52
2014-CC-651;2014;3/23/2014;EWW;CC;651;2E;NA;TRUE;Egg2;51.9;34.9;1811.31
 photos 479;" 480""";;;;;;;;;;;
2014-CC-540;2014;3/23/2014;EWW;CC;540;2E;NA;TRUE;Egg2;53.8;36.6;1969.08
" 476""";;;;;;;;;;;;
2014-CC-41;2014;3/23/2014;EWW;CC;41;2E;NA;TRUE;Egg2;55.6;35.7;1984.92
2014-CC-505;2014;3/23/2014;EWW;CC;505;2E;NA;TRUE;Egg2;54.1;36.2;1958.42
2014-LC-225;2014;3/24/2014;SMC;LC;225;2E;NA;TRUE;Egg2;52;35.1;1825.2
2014-LC-293;2014;3/24/2014;SMC;LC;293;2E;NA;TRUE;Egg2;55.3;36.1;1996.33
2014-DO-P1+P2;2014;3/26/2014;EWW;DO;P1+P2;COMMENTS;NA;FALSE;Egg2;53;34.9;1849.7
;;;;;;;;;;;;
 PHOTOS 520;521;;;;;;;;;;;
 PHOTOS 522;523;;;;;;;;;;;
" 516""";;;;;;;;;;;;
2014-CC-155;2014;3/31/2014;AAY;CC;155;2E;NA;FALSE;Egg2;54.2;37.6;2037.92
2014-LC-210;2014;4/1/2014;AAY;LC;210;2E;NA;FALSE;Egg2;56.5;35.4;2000.1
2014-LC-238;2014;4/1/2014;AAY;LC;238;2E;NA;TRUE;Egg2;54;35.9;1938.6
2014-CC-30;2014;4/6/2014;AML;CC;30;2E;NA;TRUE;Egg2;52;38.1;1981.2
2014-DO-6;2014;4/9/2014;JAH;DO;6;2E;NA;TRUE;Egg2;54;37;1998
2014-LC-200;2014;4/15/2014;JAH;LC;200;2E;NA;TRUE;Egg2;54.3;37.1;2014.53
2014-DO-5;2014;4/16/2014;CAC;DO;5;2E;NA;TRUE;Egg2;51.2;35.3;1807.36
2014-DO-B8;2014;4/16/2014;CAC;DO;B8;1E;NA;TRUE;Egg2;51.8;35.4;1833.72
2014-BH-H18;2014;4/30/2014;JAH;BH;H18;2E;NA;FALSE;Egg2;55.9;36;2012.4
2014-BH-H18;2014;5/7/2014;JAH;BH;H18;2E;NA;TRUE;Egg2;55.7;36.5;2033.05
2014-LC-297;2014;5/13/2014;SMC;LC;297;2E;NA;FALSE;Egg2;55.3;36.2;2001.86
2014-LC-291;2014;5/20/2014;SMC;LC;291;0;NA;TRUE;Egg2;53.1;35.1;1863.81
2014-LC-215;2014;5/20/2014;SMC;LC;215;2E;NA;FALSE;Egg2;53.1;35.5;1885.05
2015-APNC-1320;2015;5/22/2015;NA;APNC;1320;2E;NA;TRUE;Egg2;54;37;1998
2015-CC-602;2015;5/17/2015;NA;CC;602;2E;NA;TRUE;Egg2;58.8;32.1;1887.48
2015-CC-12;2015;4/27/2015;NA;CC;12;2E;NA;TRUE;Egg2;54.2;35.3;1913.26
2015-APNC-1343;2015;4/24/2015;NA;APNC;1343;2E;NA;TRUE;Egg2;53.4;35.7;1906.38
2015-CC-505;2015;4/19/2015;NA;CC;505;2E;NA;TRUE;Egg2;53.7;35.9;1927.83
2015-DO-B17;2015;4/15/2015;NA;DO;B17;2E;NA;TRUE;Egg2;53;35.1;1860.3
2015-APNC-1320;2015;4/10/2015;NA;APNC;1320;2E;NA;TRUE;Egg2;53.7;36.6;1965.42
2015-LC-355;2015;4/8/2015;NA;LC;355;2E;NA;TRUE;Egg2;57.6;37.1;2136.96
2015-LC-299;2015;4/6/2015;NA;LC;299;2E;NA;TRUE;Egg2;55;35.9;1974.5
2015-LC-210;2015;4/6/2015;NA;LC;210;COMMENTS;NA;FALSE;Egg2;51.6;33.6;1733.76
2015-LC-353;2015;4/6/2015;NA;LC;353;2E;NA;TRUE;Egg2;53;35.5;1881.5
2015-CC-57;2015;4/5/2015;NA;CC;57;2E;NA;TRUE;Egg2;55.2;36.4;2009.28
2015-LC-352;2015;3/31/2015;NA;LC;352;2E;NA;FALSE;Egg2;51.4;35.1;1804.14
2015-CC-8;2015;3/29/2015;NA;CC;8;COMMENTS;NA;TRUE;Egg2;53.7;35.2;1890.24
2015-APNC-1324;2015;3/27/2015;NA;APNC;1324;2E;NA;TRUE;Egg2;54;36.8;1987.2
;;;;;;;;;;;;
2015-DO-P4+P5;2015;3/25/2015;NA;DO;P4+P5;2E;NA;TRUE;Egg2;52.9;36.3;1920.27
2015-LC-266;2015;3/23/2015;NA;LC;266;2E;NA;TRUE;Egg2;56;36.1;2021.6
2015-CC-15;2015;3/23/2015;NA;CC;15;2E;NA;TRUE;Egg2;55.8;36.1;2014.38
2015-DO-B15;2015;3/18/2015;NA;DO;B15;2E;NA;TRUE;Egg2;52.3;35.9;1877.57
2015-BH-H18;2015;3/16/2015;NA;BH;H18;2E;NA;FALSE;Egg2;54;36.6;1976.4
2015-LC-244;2015;3/16/2015;NA;LC;244;2E;NA;FALSE;Egg2;53.5;36.1;1931.35
2015-CC-534;2015;3/15/2015;NA;CC;534;2E;NA;TRUE;Egg2;55.4;37.5;2077.5
2015-CC-52;2015;3/15/2015;NA;CC;52;2E;NA;TRUE;Egg2;54.4;36;1958.4
2015-APNC-1327;2015;3/13/2015;NA;APNC;1327;COMMENTS;NA;TRUE;Egg2;52.5;36.3;1905.75
2015-APNC-1322;2015;3/13/2015;NA;APNC;1322;2E;NA;FALSE;Egg2;55.6;35.4;1968.24
2015-APNC-1334;2015;3/13/2015;NA;APNC;1334;2E;NA;TRUE;Egg2;57.5;36.6;2104.5
2015-DO-B20;2015;3/11/2015;NA;DO;B20;2E;NA;TRUE;Egg2;53.4;36.3;1938.42
2015-LC-294;2015;3/10/2015;NA;LC;294;2E;NA;TRUE;Egg2;52.7;34.7;1828.69
2015-LC-210;2015;3/10/2015;NA;LC;210;2E;NA;FALSE;Egg2;52.7;35.5;1870.85
;;;;;;;;;;;;
2015-CC-155;2015;3/8/2015;NA;CC;155;2E;NA;TRUE;Egg2;55.9;37.8;2113.02
2015-APNC-1323;2015;3/6/2015;NA;APNC;1323;2E;NA;FALSE;Egg2;54;35.8;1933.2
2015-DO-B18;2015;3/4/2015;NA;DO;B18;2E;NA;TRUE;Egg2;55;36.2;1991
2016-BH-H12;2016;7/11/2016;JAH;BH;H12;2E;NA;TRUE;Egg2;49.1;35.4;1738.14
2016-BH-H1;2016;7/11/2016;JAH;BH;H1;COMMENTS;NA;TRUE;Egg2;51.8;35.5;1838.9
2016-LC-285;2016;6/7/2016;AJB;LC;285;2E;NA;TRUE;Egg2;41.2;29.3;1207.16
2016-CC-505;2016;6/5/2016;JAH;CC;505;2E;NA;TRUE;Egg2;51.5;35;1802.5
2016-APNC-1324;2016;5/13/2016;JAH;APNC;1324;1E;NA;TRUE;Egg2;51.9;36.6;1899.54
2016-APNC-1065;2016;5/6/2016;AAY;APNC;1065;2E;NA;TRUE;Egg2;54.2;38.1;2065.02
2016-DO-5;2016;4/27/2016;GRK;DO;5;2E;NA;TRUE;Egg2;53.8;36.1;1942.18
2016-APNC-1322;2016;4/16/2016;MGB;APNC;1322;2E;NA;TRUE;Egg2;55.5;34.6;1920.3
2016-LC-AB12;2016;4/12/2016;AAY;LC;AB12;2E;NA;TRUE;Egg2;54.1;35.7;1931.37
2016-DO-B15;2016;3/30/2016;JAH;DO;B15;COMMENTS;NA;TRUE;Egg2;51;36.3;1851.3
2016-LC-AB2;2016;3/29/2016;JAH;LC;AB2;2E;NA;TRUE;Egg2;53.5;35.1;1877.85
2016-LC-295;2016;3/22/2016;JAH;LC;295;2E;NA;FALSE;Egg2;54.6;34.3;1872.78
2016-LC-229;2016;3/22/2016;JAH;LC;229;2E;NA;TRUE;Egg2;54.9;37.1;2036.79
2016-CC-621;2016;3/20/2016;JAH;CC;621;2E;NA;TRUE;Egg2;53.1;35.9;1906.29
2016-CC-43;2016;3/20/2016;JAH;CC;43;2E;NA;FALSE;Egg2;54.5;36.9;2011.05
2016-CC-58;2016;3/20/2016;JAH;CC;58;2E;NA;TRUE;Egg2;53;36.8;1950.4
2016-DO-FLAMECAVE;2016;3/16/2016;JAH;DO;FLAMECAVE;2E;NA;TRUE;Egg2;56.6;33.7;1907.42
2016-LC-285;2016;3/14/2016;AAY;LC;285;2E;NA;TRUE;Egg2;53.5;36.4;1947.4
2016-LC-200;2016;3/14/2016;AAY;LC;200;2E;NA;TRUE;Egg2;56.1;36.9;2070.09
2016-LC-225;2016;3/14/2016;AAY;LC;225;2E;NA;TRUE;Egg2;51.4;34.9;1793.86
2016-CC-540;2016;3/13/2016;AAY;CC;540;2E;NA;TRUE;Egg2;54.6;37;2020.2
2016-CC-52;2016;3/13/2016;AAY;CC;52;2E;NA;TRUE;Egg2;55.3;36.3;2007.39
2016-CC-99;2016;3/13/2016;AAY;CC;99;2E;NA;TRUE;Egg2;54.9;34.6;1899.54
2016-APNC-1344;2016;3/11/2016;AAY;APNC;1344;2E;NA;TRUE;Egg2;54.7;36.1;1974.67
2016-DO-B19;2016;3/9/2016;AAY;DO;B19;2E;NA;TRUE;Egg2;55.5;37.2;2064.6
2016-LC-282;2016;3/8/2016;AAY;LC;282;2E;NA;TRUE;Egg2;53.5;34.9;1867.15
2016-CC-552;2016;3/6/2016;PTL;CC;552;2E;NA;TRUE;Egg2;54.8;36;1972.8
2016-CC-618;2016;3/6/2016;PTL;CC;618;2E;NA;TRUE;Egg2;51.1;36.9;1885.59
2016-APNC-1305;2016;3/4/2016;JAH;APNC;1305;2E;NA;TRUE;Egg2;55.6;37.8;2101.68
2016-APNC-1343;2016;3/4/2016;JAH;APNC;1343;1E;NA;TRUE;Egg2;54.3;36.7;1992.81
2016-APNC-1320;2016;3/4/2016;JAH;APNC;1320;2E;NA;TRUE;Egg2;54.4;37;2012.8
2016-DO-B15;2016;3/2/2016;JAH;DO;B15;2E;NA;FALSE;Egg2;51.3;35.8;1836.54
2016-LC-359;2016;3/1/2016;JAH;LC;359;2E;NA;FALSE;Egg2;53.7;35.7;1917.09
2016-LC-AB12;2016;3/1/2016;JAH;LC;AB12;2E;NA;FALSE;Egg2;55.7;35.9;1999.63
2016-LC-294;2016;3/1/2016;JAH;LC;294;2E;NA;FALSE;Egg2;50.3;34.4;1730.32
2016-CC-8;2016;2/28/2016;JAH;CC;8;2E;NA;FALSE;Egg2;55.5;35.4;1964.7
2016-CC-609;2016;2/28/2016;JAH;CC;609;2E;NA;FALSE;Egg2;51.5;37.1;1910.65
2016-CC-58;2016;2/28/2016;JAH;CC;58;2E;NA;FALSE;Egg2;51.2;34.8;1781.76
2016-DO-B25;2016;2/24/2016;JAH;DO;B25;2E;NA;TRUE;Egg2;52.1;35.3;1839.13
2017-DO-B16;2017;2/22/2017;JAH;DO;B16;2E;NA;FALSE;Egg2;53.8;37.1;1995.98
2017-APNC-1334;2017;2/24/2017;JAH;APNC;1334;1E;NA;TRUE;Egg2;56.1;36.1;2025.21
2017-CC-611;2017;3/12/2017;AAY;CC;611;2E;NA;FALSE;Egg2;52;36.2;1882.4
2017-APNC-1321;2017;3/17/2017;JAH;APNC;1321;2E;NA;TRUE;Egg2;55.8;37.2;2075.76
2017-CC-534;2017;3/19/2017;JAH;CC;534;2E;NA;TRUE;Egg2;56.1;38;2131.8
2017-CC-41;2017;3/26/2017;JAH;CC;41;2E;NA;TRUE;Egg2;55.6;37.2;2068.32
2017-DO-5;2017;3/29/2017;JAH;DO;5;2E;NA;FALSE;Egg2;52;36.1;1877.2
2017-APNC-1325;2017;3/31/2017;JAH;APNC;1325;2E;NA;TRUE;Egg2;54.1;35.4;1915.14
2017-CC-35;2017;4/2/2017;JAH;CC;35;2E;NA;TRUE;Egg2;56;37.8;2116.8
2017-CC-96;2017;4/2/2017;JAH;CC;96;2E;NA;FALSE;Egg2;57.3;36.4;2085.72
2017-CC-51;2017;4/2/2017;JAH;CC;51;2E;NA;TRUE;Egg2;51.5;35.7;1838.55
2017-DO-5;2017;4/4/2017;AJD;DO;5;2E;NA;TRUE;Egg2;53.6;37;1983.2
2017-BH-H18;2017;4/19/2017;JAH;BH;H18;2E;NA;TRUE;Egg2;55.1;36.6;2016.66
2017-CC-21;2017;4/20/2017;JAH;CC;21;2E;NA;TRUE;Egg2;53.9;36.5;1967.35
2017-CC-22;2017;4/20/2017;JAH;CC;22;2E;NA;TRUE;Egg2;52.8;36.4;1921.92
2017-APNC-1320;2017;4/21/2017;JAH;APNC;1320;2E;NA;FALSE;Egg2;53;36.9;1955.7
2017-DO-B25;2017;4/26/2017;JAH;DO;B25;2E;NA;TRUE;Egg2;54.1;37.5;2028.75
2017-CC-602;2017;4/29/2017;JAH;CC;602;2E;NA;FALSE;Egg2;58.1;37.2;2161.32
2017-CC-25;2017;4/29/2017;JAH;CC;25;2E;NA;TRUE;Egg2;54.6;36;1965.6
2017-CC-552;2017;4/29/2017;JAH;CC;552;2E;NA;TRUE;Egg2;51.2;35.2;1802.24
2017-CC-96;2017;5/10/2017;JAH;CC;96;COMMENTS;NA;FALSE;Egg2;56;36.4;2038.4
